"Nome host","Nome attivit…","Prossima esecuzione","Stato","Modalit… accesso","Ultima esecuzione","Ultimo esito","Autore","Attivit… da eseguire","Avvio in","Commento","Stato attivit… pianificata","Tempo di inattivit…","Risparmio energia","Esegui come utente","Elimina l'attivit… se non ripianificata","Interrompi l'attivit… se Š in esecuzione da X ore e X minuti","Pianificazione","Tipo di pianificazione","Ora di avvio","Data di avvio","Data di fine","giorni","mesi","Ripeti: Ogni","Ripeti: Fino a: Ora","Ripeti: Fino a: Durata","Ripeti: Interrompi se ancora in esecuzione"
"NAGATO272","\NvDriverUpdateCheckDaily_{B2FE1952-0186-46C3-BAEC-A80AA35AC5B8}","04/10/2024 12:25:19","Pronta","Interattivo/Background","03/10/2024 15:40:20","0","NVIDIA Corporation","C:\Program Files\NVIDIA Corporation\NvContainer\nvcontainer.exe -d "C:\Program Files\NVIDIA Corporation\NvDriverUpdateCheck" -l 3 -f C:\ProgramData\NVIDIA\NvContainerDriverUpdateCheck.log","C:\Program Files\NVIDIA Corporation\NvContainer","Checks for NVIDIA driver updates before GeForce Experience is first launched","Abilitata","Disabilitata","","Users","Disabilitata","72:00:00","Dati di pianificazione non disponibili in questo formato.","Ogni giorno ","12:25:19","03/07/2024","N/D","Ogni 1 giorni","N/D","Disabilitata","Disabilitata","Disabilitata","Disabilitata"
"NAGATO272","\NVIDIA GeForce Experience SelfUpdate_{B2FE1952-0186-46C3-BAEC-A80AA35AC5B8}","N/D","Pronta","Interattivo/Background","30/11/1999 00:00:00","267011","NVIDIA Corporation",""C:\Program Files\NVIDIA Corporation\NVIDIA GeForce Experience\NVIDIA GeForce Experience.exe" ","C:\Program Files\NVIDIA Corporation\NVIDIA GeForce Experience","N/D","Abilitata","Disabilitata","","Users","Disabilitata","72:00:00","Dati di pianificazione non disponibili in questo formato.","Quando si verifica un evento","N/D","N/D","N/D","N/D","N/D","N/D","N/D","N/D","N/D"
"NAGATO272","\NvNodeLauncher_{B2FE1952-0186-46C3-BAEC-A80AA35AC5B8}","N/D","Pronta","Interattivo/Background","03/10/2024 15:34:21","0","NVIDIA Corporation","C:\Program Files (x86)\NVIDIA Corporation\NvNode\nvnodejslauncher.exe --launcher=TaskScheduler","C:\Program Files (x86)\NVIDIA Corporation\NvNode","NVIDIA NvNode Launcher","Abilitata","Disabilitata","","Users","Disabilitata","72:00:00","Dati di pianificazione non disponibili in questo formato.","All'accesso","N/D","N/D","N/D","N/D","N/D","N/D","N/D","N/D","N/D"
"NAGATO272","\NvProfileUpdaterDaily_{B2FE1952-0186-46C3-BAEC-A80AA35AC5B8}","04/10/2024 12:25:51","Pronta","Interattivo/Background","03/10/2024 15:40:20","0","NVIDIA Corporation","C:\Program Files\NVIDIA Corporation\Update Core\NvProfileUpdater64.exe ","C:\Program Files\NVIDIA Corporation\Update Core","NVIDIA Profile Updater","Abilitata","Disabilitata","","Users","Disabilitata","72:00:00","Dati di pianificazione non disponibili in questo formato.","Ogni giorno ","12:25:51","03/07/2024","N/D","Ogni 1 giorni","N/D","Disabilitata","Disabilitata","Disabilitata","Disabilitata"
"NAGATO272","\NvProfileUpdaterOnLogon_{B2FE1952-0186-46C3-BAEC-A80AA35AC5B8}","N/D","Pronta","Interattivo/Background","03/10/2024 15:36:22","0","NVIDIA Corporation","C:\Program Files\NVIDIA Corporation\Update Core\NvProfileUpdater64.exe ","C:\Program Files\NVIDIA Corporation\Update Core","NVIDIA Profile Updater","Abilitata","Disabilitata","","Users","Disabilitata","72:00:00","Dati di pianificazione non disponibili in questo formato.","All'accesso","N/D","N/D","N/D","N/D","N/D","N/D","N/D","N/D","N/D"
"NAGATO272","\NvTmRep_CrashReport1_{B2FE1952-0186-46C3-BAEC-A80AA35AC5B8}","04/10/2024 12:25:19","Pronta","Interattivo/Background","03/10/2024 15:40:20","0","NVIDIA Corporation","C:\Program Files\NVIDIA Corporation\NvBackend\NvTmRep.exe ","C:\Program Files\NVIDIA Corporation\NvBackend","NVIDIA crash reporter","Abilitata","Disabilitata","","Users","Disabilitata","72:00:00","Dati di pianificazione non disponibili in questo formato.","Ogni giorno ","12:25:19","03/07/2024","N/D","Ogni 1 giorni","N/D","Disabilitata","Disabilitata","Disabilitata","Disabilitata"
"NAGATO272","\NvTmRep_CrashReport2_{B2FE1952-0186-46C3-BAEC-A80AA35AC5B8}","04/10/2024 18:25:19","Pronta","Interattivo/Background","03/10/2024 18:25:20","0","NVIDIA Corporation","C:\Program Files\NVIDIA Corporation\NvBackend\NvTmRep.exe ","C:\Program Files\NVIDIA Corporation\NvBackend","NVIDIA crash reporter","Abilitata","Disabilitata","","Users","Disabilitata","72:00:00","Dati di pianificazione non disponibili in questo formato.","Ogni giorno ","18:25:19","03/07/2024","N/D","Ogni 1 giorni","N/D","Disabilitata","Disabilitata","Disabilitata","Disabilitata"
"NAGATO272","\NvTmRep_CrashReport3_{B2FE1952-0186-46C3-BAEC-A80AA35AC5B8}","04/10/2024 00:25:19","Pronta","Interattivo/Background","03/10/2024 04:41:57","0","NVIDIA Corporation","C:\Program Files\NVIDIA Corporation\NvBackend\NvTmRep.exe ","C:\Program Files\NVIDIA Corporation\NvBackend","NVIDIA crash reporter","Abilitata","Disabilitata","","Users","Disabilitata","72:00:00","Dati di pianificazione non disponibili in questo formato.","Ogni giorno ","00:25:19","03/07/2024","N/D","Ogni 1 giorni","N/D","Disabilitata","Disabilitata","Disabilitata","Disabilitata"
"NAGATO272","\NvTmRep_CrashReport4_{B2FE1952-0186-46C3-BAEC-A80AA35AC5B8}","04/10/2024 06:25:19","Pronta","Interattivo/Background","03/10/2024 15:40:20","0","NVIDIA Corporation","C:\Program Files\NVIDIA Corporation\NvBackend\NvTmRep.exe ","C:\Program Files\NVIDIA Corporation\NvBackend","NVIDIA crash reporter","Abilitata","Disabilitata","","Users","Disabilitata","72:00:00","Dati di pianificazione non disponibili in questo formato.","Ogni giorno ","06:25:19","03/07/2024","N/D","Ogni 1 giorni","N/D","Disabilitata","Disabilitata","Disabilitata","Disabilitata"
"NAGATO272","\OneDrive Reporting Task-S-1-5-21-136212551-4147249517-230778517-1004","04/10/2024 06:09:52","Pronta","Solo interattivo","03/10/2024 06:09:53","0","Microsoft Corporation","%localappdata%\Microsoft\OneDrive\OneDriveStandaloneUpdater.exe /reporting","N/D","N/D","Abilitata","Disabilitata","Interrompi in modalit… di alimentazione a batterie","basti","Disabilitata","02:00:00","Dati di pianificazione non disponibili in questo formato.","Una sola volta, Ogni ora ","06:09:52","26/09/2024","N/D","N/D","N/D","24 ora/e, 0 minuto/i","Nessuno","Disabilitata","Disabilitata"
"NAGATO272","\OneDrive Standalone Update Task-S-1-5-21-136212551-4147249517-230778517-1004","04/10/2024 08:23:24","Pronta","Solo interattivo","03/10/2024 05:46:42","-2147160572","Microsoft Corporation","%localappdata%\Microsoft\OneDrive\OneDriveStandaloneUpdater.exe ","N/D","N/D","Abilitata","Disabilitata","Interrompi in modalit… di alimentazione a batterie","basti","Disabilitata","24:00:00","Dati di pianificazione non disponibili in questo formato.","Una sola volta, Ogni ora ","05:00:00","01/05/1992","N/D","N/D","N/D","24 ora/e, 0 minuto/i","Nessuno","Disabilitata","Disabilitata"
"NAGATO272","\Opera GX scheduled assistant Autoupdate 1720886421","04/10/2024 18:00:21","Pronta","Solo interattivo","03/10/2024 18:00:22","-1","NAGATO272\basti","C:\Users\basti\AppData\Local\Programs\Opera GX\launcher.exe --scheduledautoupdate --component-name=assistant --component-path="C:\Users\basti\AppData\Local\Programs\Opera GX\assistant" $(Arg0)","N/D","Keeps Opera Browser Assistant up to date","Abilitata","Disabilitata","","basti","Disabilitata","01:00:00","Dati di pianificazione non disponibili in questo formato.","Ogni giorno ","18:00:21","13/07/2024","N/D","Ogni 1 giorni","N/D","Disabilitata","Disabilitata","Disabilitata","Disabilitata"
"NAGATO272","\Opera GX scheduled assistant Autoupdate 1720886421","04/10/2024 18:00:21","Pronta","Solo interattivo","03/10/2024 18:00:22","-1","NAGATO272\basti","C:\Users\basti\AppData\Local\Programs\Opera GX\launcher.exe --scheduledautoupdate --component-name=assistant --component-path="C:\Users\basti\AppData\Local\Programs\Opera GX\assistant" $(Arg0)","N/D","Keeps Opera Browser Assistant up to date","Abilitata","Disabilitata","","basti","Disabilitata","01:00:00","Dati di pianificazione non disponibili in questo formato.","All'accesso","N/D","N/D","N/D","N/D","N/D","N/D","N/D","N/D","N/D"
"NAGATO272","\Opera GX scheduled Autoupdate 1719598085","04/10/2024 15:12:50","Pronta","Solo interattivo","03/10/2024 15:40:20","0","NAGATO272\basti","C:\Users\basti\AppData\Local\Programs\Opera GX\autoupdate\opera_autoupdate.exe --scheduledtask --bypasslauncher $(Arg0)","N/D","Mantiene Opera aggiornato.","Abilitata","Disabilitata","","basti","Disabilitata","01:00:00","Dati di pianificazione non disponibili in questo formato.","Ogni giorno ","15:12:50","26/09/2024","N/D","Ogni 1 giorni","N/D","Disabilitata","Disabilitata","Disabilitata","Disabilitata"
"NAGATO272","\Opera GX scheduled Autoupdate 1719598085","04/10/2024 15:12:50","Pronta","Solo interattivo","03/10/2024 15:40:20","0","NAGATO272\basti","C:\Users\basti\AppData\Local\Programs\Opera GX\autoupdate\opera_autoupdate.exe --scheduledtask --bypasslauncher $(Arg0)","N/D","Mantiene Opera aggiornato.","Abilitata","Disabilitata","","basti","Disabilitata","01:00:00","Dati di pianificazione non disponibili in questo formato.","All'accesso","N/D","N/D","N/D","N/D","N/D","N/D","N/D","N/D","N/D"
"Nome host","Nome attivit…","Prossima esecuzione","Stato","Modalit… accesso","Ultima esecuzione","Ultimo esito","Autore","Attivit… da eseguire","Avvio in","Commento","Stato attivit… pianificata","Tempo di inattivit…","Risparmio energia","Esegui come utente","Elimina l'attivit… se non ripianificata","Interrompi l'attivit… se Š in esecuzione da X ore e X minuti","Pianificazione","Tipo di pianificazione","Ora di avvio","Data di avvio","Data di fine","giorni","mesi","Ripeti: Ogni","Ripeti: Fino a: Ora","Ripeti: Fino a: Durata","Ripeti: Interrompi se ancora in esecuzione"
"Nome host","Nome attivit…","Prossima esecuzione","Stato","Modalit… accesso","Ultima esecuzione","Ultimo esito","Autore","Attivit… da eseguire","Avvio in","Commento","Stato attivit… pianificata","Tempo di inattivit…","Risparmio energia","Esegui come utente","Elimina l'attivit… se non ripianificata","Interrompi l'attivit… se Š in esecuzione da X ore e X minuti","Pianificazione","Tipo di pianificazione","Ora di avvio","Data di avvio","Data di fine","giorni","mesi","Ripeti: Ogni","Ripeti: Fino a: Ora","Ripeti: Fino a: Durata","Ripeti: Interrompi se ancora in esecuzione"
"Nome host","Nome attivit…","Prossima esecuzione","Stato","Modalit… accesso","Ultima esecuzione","Ultimo esito","Autore","Attivit… da eseguire","Avvio in","Commento","Stato attivit… pianificata","Tempo di inattivit…","Risparmio energia","Esegui come utente","Elimina l'attivit… se non ripianificata","Interrompi l'attivit… se Š in esecuzione da X ore e X minuti","Pianificazione","Tipo di pianificazione","Ora di avvio","Data di avvio","Data di fine","giorni","mesi","Ripeti: Ogni","Ripeti: Fino a: Ora","Ripeti: Fino a: Durata","Ripeti: Interrompi se ancora in esecuzione"
"Nome host","Nome attivit…","Prossima esecuzione","Stato","Modalit… accesso","Ultima esecuzione","Ultimo esito","Autore","Attivit… da eseguire","Avvio in","Commento","Stato attivit… pianificata","Tempo di inattivit…","Risparmio energia","Esegui come utente","Elimina l'attivit… se non ripianificata","Interrompi l'attivit… se Š in esecuzione da X ore e X minuti","Pianificazione","Tipo di pianificazione","Ora di avvio","Data di avvio","Data di fine","giorni","mesi","Ripeti: Ogni","Ripeti: Fino a: Ora","Ripeti: Fino a: Durata","Ripeti: Interrompi se ancora in esecuzione"
"Nome host","Nome attivit…","Prossima esecuzione","Stato","Modalit… accesso","Ultima esecuzione","Ultimo esito","Autore","Attivit… da eseguire","Avvio in","Commento","Stato attivit… pianificata","Tempo di inattivit…","Risparmio energia","Esegui come utente","Elimina l'attivit… se non ripianificata","Interrompi l'attivit… se Š in esecuzione da X ore e X minuti","Pianificazione","Tipo di pianificazione","Ora di avvio","Data di avvio","Data di fine","giorni","mesi","Ripeti: Ogni","Ripeti: Fino a: Ora","Ripeti: Fino a: Durata","Ripeti: Interrompi se ancora in esecuzione"
"NAGATO272","\Microsoft\VisualStudio\Updates\BackgroundDownload","N/D","Pronta","Solo interattivo","03/10/2024 21:11:08","0","Microsoft Visual Studio","C:\Program Files (x86)\Microsoft Visual Studio\Installer\resources\app\ServiceHub\Services\Microsoft.VisualStudio.Setup.Service\BackgroundDownload.exe ","N/D","N/D","Abilitata","Avvia solo se inattivo da 10 minuti, Se non inattivo riprova per 60 minuti","Non avviare se il sistema Š alimentato a batterie","basti","Disabilitata","24:00:00","Dati di pianificazione non disponibili in questo formato.","Durante il periodo di inattivit…","N/D","N/D","N/D","N/D","N/D","N/D","N/D","N/D","N/D"
"Nome host","Nome attivit…","Prossima esecuzione","Stato","Modalit… accesso","Ultima esecuzione","Ultimo esito","Autore","Attivit… da eseguire","Avvio in","Commento","Stato attivit… pianificata","Tempo di inattivit…","Risparmio energia","Esegui come utente","Elimina l'attivit… se non ripianificata","Interrompi l'attivit… se Š in esecuzione da X ore e X minuti","Pianificazione","Tipo di pianificazione","Ora di avvio","Data di avvio","Data di fine","giorni","mesi","Ripeti: Ogni","Ripeti: Fino a: Ora","Ripeti: Fino a: Durata","Ripeti: Interrompi se ancora in esecuzione"
"Nome host","Nome attivit…","Prossima esecuzione","Stato","Modalit… accesso","Ultima esecuzione","Ultimo esito","Autore","Attivit… da eseguire","Avvio in","Commento","Stato attivit… pianificata","Tempo di inattivit…","Risparmio energia","Esegui come utente","Elimina l'attivit… se non ripianificata","Interrompi l'attivit… se Š in esecuzione da X ore e X minuti","Pianificazione","Tipo di pianificazione","Ora di avvio","Data di avvio","Data di fine","giorni","mesi","Ripeti: Ogni","Ripeti: Fino a: Ora","Ripeti: Fino a: Durata","Ripeti: Interrompi se ancora in esecuzione"
"NAGATO272","\Microsoft\Windows\.NET Framework\.NET Framework NGEN v4.0.30319","N/D","Pronta","Interattivo/Background","03/10/2024 20:46:02","0","N/D","Gestore COM","N/D","N/D","Abilitata","Disabilitata","Interrompi in modalit… di alimentazione a batterie, Non avviare se il sistema Š alimentato a batterie","SYSTEM","Disabilitata","02:00:00","Dati di pianificazione non disponibili in questo formato.","Solo su richiesta","N/D","N/D","N/D","N/D","N/D","N/D","N/D","N/D","N/D"
"NAGATO272","\Microsoft\Windows\.NET Framework\.NET Framework NGEN v4.0.30319 64","N/D","Pronta","Interattivo/Background","03/10/2024 20:46:02","0","N/D","Gestore COM","N/D","N/D","Abilitata","Disabilitata","Interrompi in modalit… di alimentazione a batterie, Non avviare se il sistema Š alimentato a batterie","SYSTEM","Disabilitata","02:00:00","Dati di pianificazione non disponibili in questo formato.","Solo su richiesta","N/D","N/D","N/D","N/D","N/D","N/D","N/D","N/D","N/D"
"NAGATO272","\Microsoft\Windows\.NET Framework\.NET Framework NGEN v4.0.30319 64 Critical","N/D","Disabilitato","Interattivo/Background","12/09/2024 04:43:10","0","N/D","Gestore COM","N/D","N/D","Disabilitata","Disabilitata","","SYSTEM","Disabilitata","02:00:00","Dati di pianificazione non disponibili in questo formato.","Durante il periodo di inattivit…","N/D","N/D","N/D","N/D","N/D","N/D","N/D","N/D","N/D"
"NAGATO272","\Microsoft\Windows\.NET Framework\.NET Framework NGEN v4.0.30319 Critical","N/D","Disabilitato","Interattivo/Background","12/09/2024 04:43:10","0","N/D","Gestore COM","N/D","N/D","Disabilitata","Disabilitata","","SYSTEM","Disabilitata","02:00:00","Dati di pianificazione non disponibili in questo formato.","Durante il periodo di inattivit…","N/D","N/D","N/D","N/D","N/D","N/D","N/D","N/D","N/D"
"Nome host","Nome attivit…","Prossima esecuzione","Stato","Modalit… accesso","Ultima esecuzione","Ultimo esito","Autore","Attivit… da eseguire","Avvio in","Commento","Stato attivit… pianificata","Tempo di inattivit…","Risparmio energia","Esegui come utente","Elimina l'attivit… se non ripianificata","Interrompi l'attivit… se Š in esecuzione da X ore e X minuti","Pianificazione","Tipo di pianificazione","Ora di avvio","Data di avvio","Data di fine","giorni","mesi","Ripeti: Ogni","Ripeti: Fino a: Ora","Ripeti: Fino a: Durata","Ripeti: Interrompi se ancora in esecuzione"
"NAGATO272","\Microsoft\Windows\Active Directory Rights Management Services Client\AD RMS Rights Policy Template Management (Automated)","N/D","Disabilitato","Interattivo/Background","30/11/1999 00:00:00","267011","Microsoft Corporation","Gestore COM","N/D","Aggiorna i modelli dei criteri dei diritti AD RMS per l'utente. Con questo processo non viene visualizzato un messaggio di richiesta delle credenziali se l'autenticazione per il servizio Web di distribuzione dei modelli nel server non riesce. In questo ","Disabilitata","Disabilitata","","Everyone","Disabilitata","01:00:00","Dati di pianificazione non disponibili in questo formato.","Ogni giorno ","03:00:00","09/11/2006","N/D","Ogni 1 giorni","N/D","Disabilitata","Disabilitata","Disabilitata","Disabilitata"
"NAGATO272","\Microsoft\Windows\Active Directory Rights Management Services Client\AD RMS Rights Policy Template Management (Automated)","N/D","Disabilitato","Interattivo/Background","30/11/1999 00:00:00","267011","Microsoft Corporation","Gestore COM","N/D","Aggiorna i modelli dei criteri dei diritti AD RMS per l'utente. Con questo processo non viene visualizzato un messaggio di richiesta delle credenziali se l'autenticazione per il servizio Web di distribuzione dei modelli nel server non riesce. In questo ","Disabilitata","Disabilitata","","Everyone","Disabilitata","01:00:00","Dati di pianificazione non disponibili in questo formato.","All'accesso","N/D","N/D","N/D","N/D","N/D","N/D","N/D","N/D","N/D"
"NAGATO272","\Microsoft\Windows\Active Directory Rights Management Services Client\AD RMS Rights Policy Template Management (Manual)","N/D","Pronta","Interattivo/Background","30/11/1999 00:00:00","267011","Microsoft Corporation","Gestore COM","N/D","Aggiorna i modelli dei criteri dei diritti AD RMS per l'utente. Con questo processo viene visualizzato un messaggio di richiesta delle credenziali se l'autenticazione per il servizio Web di distribuzione dei modelli nel server non riesce.","Abilitata","Disabilitata","Interrompi in modalit… di alimentazione a batterie, Non avviare se il sistema Š alimentato a batterie","Everyone","Disabilitata","01:00:00","Dati di pianificazione non disponibili in questo formato.","All'accesso","N/D","N/D","N/D","N/D","N/D","N/D","N/D","N/D","N/D"
"Nome host","Nome attivit…","Prossima esecuzione","Stato","Modalit… accesso","Ultima esecuzione","Ultimo esito","Autore","Attivit… da eseguire","Avvio in","Commento","Stato attivit… pianificata","Tempo di inattivit…","Risparmio energia","Esegui come utente","Elimina l'attivit… se non ripianificata","Interrompi l'attivit… se Š in esecuzione da X ore e X minuti","Pianificazione","Tipo di pianificazione","Ora di avvio","Data di avvio","Data di fine","giorni","mesi","Ripeti: Ogni","Ripeti: Fino a: Ora","Ripeti: Fino a: Durata","Ripeti: Interrompi se ancora in esecuzione"
"NAGATO272","\Microsoft\Windows\AppID\PolicyConverter","N/D","Disabilitato","Interattivo/Background","30/11/1999 00:00:00","267011","Microsoft Corporation","%windir%\system32\appidpolicyconverter.exe ","N/D","Converte i criteri di restrizione software dal formato XML al formato binario.","Disabilitata","Disabilitata","","SYSTEM","Disabilitata","72:00:00","Dati di pianificazione non disponibili in questo formato.","Solo su richiesta","N/D","N/D","N/D","N/D","N/D","N/D","N/D","N/D","N/D"
"NAGATO272","\Microsoft\Windows\AppID\VerifiedPublisherCertStoreCheck","N/D","Disabilitato","Interattivo/Background","30/11/1999 00:00:00","267011","Microsoft Corporation","%windir%\system32\appidcertstorecheck.exe ","N/D","Controlla la cache dei certificati AppID per individuare eventuali certificati non validi o revocati.","Disabilitata","Avvia solo se inattivo da 3 minuti, Se non inattivo riprova per 1380 minuti Interrompi l'operazione se lo stato di inattivit… termina","Interrompi in modalit… di alimentazione a batterie, Non avviare se il sistema Š alimentato a batterie","SERVIZIO LOCALE","Disabilitata","72:00:00","Dati di pianificazione non disponibili in questo formato.","All'avvio del sistema","N/D","N/D","N/D","N/D","N/D","N/D","N/D","N/D","N/D"
"Nome host","Nome attivit…","Prossima esecuzione","Stato","Modalit… accesso","Ultima esecuzione","Ultimo esito","Autore","Attivit… da eseguire","Avvio in","Commento","Stato attivit… pianificata","Tempo di inattivit…","Risparmio energia","Esegui come utente","Elimina l'attivit… se non ripianificata","Interrompi l'attivit… se Š in esecuzione da X ore e X minuti","Pianificazione","Tipo di pianificazione","Ora di avvio","Data di avvio","Data di fine","giorni","mesi","Ripeti: Ogni","Ripeti: Fino a: Ora","Ripeti: Fino a: Durata","Ripeti: Interrompi se ancora in esecuzione"
"NAGATO272","\Microsoft\Windows\Application Experience\MareBackup","N/D","Pronta","Interattivo/Background","30/11/1999 00:00:00","267011","Microsoft Corporation","Azioni multiple","Azioni multiple","Raccoglie i dati dell'applicazione Win32 per lo scenario di backup dell'app","Abilitata","Disabilitata","Interrompi in modalit… di alimentazione a batterie, Non avviare se il sistema Š alimentato a batterie","SYSTEM","Disabilitata","72:00:00","Dati di pianificazione non disponibili in questo formato.","Solo su richiesta","N/D","N/D","N/D","N/D","N/D","N/D","N/D","N/D","N/D"
"NAGATO272","\Microsoft\Windows\Application Experience\Microsoft Compatibility Appraiser","04/10/2024 03:48:30","Pronta","Interattivo/Background","03/10/2024 15:40:20","1056","Microsoft Corporation","%windir%\system32\sc.exe start InventorySvc","N/D","Raccoglie informazioni di telemetria del programma in caso di consenso esplicito alla partecipazione al programma Analisi utilizzo software Microsoft.","Abilitata","Disabilitata","","SYSTEM","Disabilitata","96:00:00","Dati di pianificazione non disponibili in questo formato.","Una sola volta, Ogni ora ","03:00:00","01/09/2008","N/D","N/D","N/D","6 ora/e, 0 minuto/i","Nessuno","Disabilitata","Disabilitata"
"NAGATO272","\Microsoft\Windows\Application Experience\PcaPatchDbTask","04/10/2024 03:59:35","Pronta","Interattivo/Background","03/10/2024 15:40:20","0","Microsoft Corporation","%windir%\system32\rundll32.exe %windir%\system32\PcaSvc.dll,PcaPatchSdbTask","N/D","Updates compatibility database","Abilitata","Disabilitata","","SYSTEM","Disabilitata","24:00:00","Dati di pianificazione non disponibili in questo formato.","Una sola volta, Ogni ora ","03:00:00","01/09/2008","N/D","N/D","N/D","12 ora/e, 0 minuto/i","Nessuno","Disabilitata","Disabilitata"
"NAGATO272","\Microsoft\Windows\Application Experience\PcaWallpaperAppDetect","06/10/2024 12:00:53","Pronta","Interattivo/Background","03/10/2024 15:40:20","0","Microsoft Corporation","%windir%\system32\rundll32.exe %windir%\system32\PcaSvc.dll,PcaWallpaperAppDetect","N/D","Detect 3rd party wallpaper apps","Abilitata","Disabilitata","","INTERACTIVE","Disabilitata","24:00:00","Dati di pianificazione non disponibili in questo formato.","Una sola volta, Ogni ora ","12:00:00","01/03/2024","N/D","N/D","N/D","72 ora/e, 0 minuto/i","Nessuno","Disabilitata","Disabilitata"
"NAGATO272","\Microsoft\Windows\Application Experience\SdbinstMergeDbTask","N/D","Pronta","Interattivo/Background","30/09/2024 22:06:37","0","Microsoft Corporation","%windir%\system32\sdbinst.exe -mm","N/D","Unisce i database di shim che sono in attesa di unione.","Abilitata","Disabilitata","","SYSTEM","Disabilitata","00:10:00","Dati di pianificazione non disponibili in questo formato.","Non definito","N/D","N/D","N/D","N/D","N/D","N/D","N/D","N/D","N/D"
"NAGATO272","\Microsoft\Windows\Application Experience\SdbinstMergeDbTask","N/D","Pronta","Interattivo/Background","30/09/2024 22:06:37","0","Microsoft Corporation","%windir%\system32\sdbinst.exe -mm","N/D","Unisce i database di shim che sono in attesa di unione.","Abilitata","Disabilitata","","SYSTEM","Disabilitata","00:10:00","Dati di pianificazione non disponibili in questo formato.","Non definito","N/D","N/D","N/D","N/D","N/D","N/D","N/D","N/D","N/D"
"NAGATO272","\Microsoft\Windows\Application Experience\StartupAppTask","N/D","Pronta","Interattivo/Background","02/10/2024 19:30:46","0","Microsoft Corporation","%windir%\system32\rundll32.exe Startupscan.dll,SusRunTask","N/D","Analizza le voci di avvio e invia una notifica all'utente se il relativo numero Š eccessivo.","Abilitata","Disabilitata","Interrompi in modalit… di alimentazione a batterie, Non avviare se il sistema Š alimentato a batterie","INTERACTIVE","Disabilitata","72:00:00","Dati di pianificazione non disponibili in questo formato.","Solo su richiesta","N/D","N/D","N/D","N/D","N/D","N/D","N/D","N/D","N/D"
"Nome host","Nome attivit…","Prossima esecuzione","Stato","Modalit… accesso","Ultima esecuzione","Ultimo esito","Autore","Attivit… da eseguire","Avvio in","Commento","Stato attivit… pianificata","Tempo di inattivit…","Risparmio energia","Esegui come utente","Elimina l'attivit… se non ripianificata","Interrompi l'attivit… se Š in esecuzione da X ore e X minuti","Pianificazione","Tipo di pianificazione","Ora di avvio","Data di avvio","Data di fine","giorni","mesi","Ripeti: Ogni","Ripeti: Fino a: Ora","Ripeti: Fino a: Durata","Ripeti: Interrompi se ancora in esecuzione"
"NAGATO272","\Microsoft\Windows\ApplicationData\appuriverifierdaily","N/D","Pronta","Interattivo/Background","03/10/2024 20:46:01","0","Microsoft Corporation","%windir%\system32\AppHostRegistrationVerifier.exe ","N/D","Verifica le registrazioni di host AppUriHandler.","Abilitata","Disabilitata","","INTERACTIVE","Disabilitata","00:15:00","Dati di pianificazione non disponibili in questo formato.","Solo su richiesta","N/D","N/D","N/D","N/D","N/D","N/D","N/D","N/D","N/D"
"NAGATO272","\Microsoft\Windows\ApplicationData\appuriverifierinstall","N/D","Pronta","Interattivo/Background","02/10/2024 06:33:32","0","Microsoft Corporation","%windir%\system32\AppHostRegistrationVerifier.exe ","N/D","Verifica le registrazioni di host AppUriHandler.","Abilitata","Disabilitata","","INTERACTIVE","Disabilitata","00:15:00","Dati di pianificazione non disponibili in questo formato.","Non definito","N/D","N/D","N/D","N/D","N/D","N/D","N/D","N/D","N/D"
"NAGATO272","\Microsoft\Windows\ApplicationData\CleanupTemporaryState","N/D","Pronta","Interattivo/Background","29/09/2024 19:24:06","0","Microsoft Corporation","%windir%\system32\rundll32.exe Windows.Storage.ApplicationData.dll,CleanupTemporaryState","N/D","Cleans up each package's unused temporary files.","Abilitata","Disabilitata","Interrompi in modalit… di alimentazione a batterie, Non avviare se il sistema Š alimentato a batterie","SYSTEM","Disabilitata","72:00:00","Dati di pianificazione non disponibili in questo formato.","Solo su richiesta","N/D","N/D","N/D","N/D","N/D","N/D","N/D","N/D","N/D"
"NAGATO272","\Microsoft\Windows\ApplicationData\DsSvcCleanup","N/D","Pronta","Interattivo/Background","03/10/2024 20:46:01","0","Microsoft Corporation","%windir%\system32\dstokenclean.exe ","N/D","Esegue la manutenzione per il servizio di condivisione dati.","Abilitata","Disabilitata","Interrompi in modalit… di alimentazione a batterie, Non avviare se il sistema Š alimentato a batterie","SYSTEM","Disabilitata","72:00:00","Dati di pianificazione non disponibili in questo formato.","Solo su richiesta","N/D","N/D","N/D","N/D","N/D","N/D","N/D","N/D","N/D"
"Nome host","Nome attivit…","Prossima esecuzione","Stato","Modalit… accesso","Ultima esecuzione","Ultimo esito","Autore","Attivit… da eseguire","Avvio in","Commento","Stato attivit… pianificata","Tempo di inattivit…","Risparmio energia","Esegui come utente","Elimina l'attivit… se non ripianificata","Interrompi l'attivit… se Š in esecuzione da X ore e X minuti","Pianificazione","Tipo di pianificazione","Ora di avvio","Data di avvio","Data di fine","giorni","mesi","Ripeti: Ogni","Ripeti: Fino a: Ora","Ripeti: Fino a: Durata","Ripeti: Interrompi se ancora in esecuzione"
"NAGATO272","\Microsoft\Windows\AppListBackup\Backup","N/D","Pronta","Interattivo/Background","03/10/2024 16:20:50","0","$(@%SystemRoot%\system32\AppListBackupLauncher.dll,-600)","Gestore COM","N/D","$(@%SystemRoot%\system32\AppListBackupLauncher.dll,-602)","Abilitata","Disabilitata","Interrompi in modalit… di alimentazione a batterie, Non avviare se il sistema Š alimentato a batterie","Users","Disabilitata","72:00:00","Dati di pianificazione non disponibili in questo formato.","Solo su richiesta","N/D","N/D","N/D","N/D","N/D","N/D","N/D","N/D","N/D"
"NAGATO272","\Microsoft\Windows\AppListBackup\BackupNonMaintenance","05/10/2024 03:40:13","Pronta","Interattivo/Background","21/09/2024 07:19:13","0","$(@%SystemRoot%\system32\AppListBackupLauncher.dll,-600)","Gestore COM","N/D","$(@%SystemRoot%\system32\AppListBackupLauncher.dll,-602)","Abilitata","Disabilitata","","Users","Disabilitata","72:00:00","Dati di pianificazione non disponibili in questo formato.","Ogni giorno ","00:00:00","01/01/2022","N/D","Ogni 14 giorni","N/D","Disabilitata","Disabilitata","Disabilitata","Disabilitata"
"Nome host","Nome attivit…","Prossima esecuzione","Stato","Modalit… accesso","Ultima esecuzione","Ultimo esito","Autore","Attivit… da eseguire","Avvio in","Commento","Stato attivit… pianificata","Tempo di inattivit…","Risparmio energia","Esegui come utente","Elimina l'attivit… se non ripianificata","Interrompi l'attivit… se Š in esecuzione da X ore e X minuti","Pianificazione","Tipo di pianificazione","Ora di avvio","Data di avvio","Data di fine","giorni","mesi","Ripeti: Ogni","Ripeti: Fino a: Ora","Ripeti: Fino a: Durata","Ripeti: Interrompi se ancora in esecuzione"
"NAGATO272","\Microsoft\Windows\AppxDeploymentClient\Pre-staged app cleanup","N/D","Disabilitato","Interattivo/Background","28/06/2024 16:22:09","0","N/D","%windir%\system32\rundll32.exe %windir%\system32\AppxDeploymentClient.dll,AppxPreStageCleanupRunTask","N/D","N/D","Disabilitata","Avvia solo se inattivo da 15 minuti, Se non inattivo riprova per 15 minuti","Interrompi in modalit… di alimentazione a batterie, Non avviare se il sistema Š alimentato a batterie","SYSTEM","Disabilitata","Disabilitata","Dati di pianificazione non disponibili in questo formato.","All'accesso","N/D","N/D","N/D","N/D","N/D","N/D","N/D","N/D","N/D"
"Nome host","Nome attivit…","Prossima esecuzione","Stato","Modalit… accesso","Ultima esecuzione","Ultimo esito","Autore","Attivit… da eseguire","Avvio in","Commento","Stato attivit… pianificata","Tempo di inattivit…","Risparmio energia","Esegui come utente","Elimina l'attivit… se non ripianificata","Interrompi l'attivit… se Š in esecuzione da X ore e X minuti","Pianificazione","Tipo di pianificazione","Ora di avvio","Data di avvio","Data di fine","giorni","mesi","Ripeti: Ogni","Ripeti: Fino a: Ora","Ripeti: Fino a: Durata","Ripeti: Interrompi se ancora in esecuzione"
"NAGATO272","\Microsoft\Windows\Autochk\Proxy","N/D","Pronta","Interattivo/Background","01/10/2024 06:49:19","0","Microsoft Corporation","%windir%\system32\rundll32.exe /d acproxy.dll,PerformAutochkOperations","N/D","Questa attivit… raccoglie e carica i dati relativi a SQM di AUTOCHK se Š stato fornito il consenso esplicito per il programma Analisi utilizzo software Microsoft.","Abilitata","Avvia solo se inattivo da 10 minuti, Se non inattivo riprova per 525600 minuti","","SYSTEM","Disabilitata","72:00:00","Dati di pianificazione non disponibili in questo formato.","All'avvio del sistema","N/D","N/D","N/D","N/D","N/D","N/D","N/D","N/D","N/D"
"Nome host","Nome attivit…","Prossima esecuzione","Stato","Modalit… accesso","Ultima esecuzione","Ultimo esito","Autore","Attivit… da eseguire","Avvio in","Commento","Stato attivit… pianificata","Tempo di inattivit…","Risparmio energia","Esegui come utente","Elimina l'attivit… se non ripianificata","Interrompi l'attivit… se Š in esecuzione da X ore e X minuti","Pianificazione","Tipo di pianificazione","Ora di avvio","Data di avvio","Data di fine","giorni","mesi","Ripeti: Ogni","Ripeti: Fino a: Ora","Ripeti: Fino a: Durata","Ripeti: Interrompi se ancora in esecuzione"
"NAGATO272","\Microsoft\Windows\BitLocker\BitLocker Encrypt All Drives","N/D","Pronta","Interattivo/Background","30/11/1999 00:00:00","267011","N/D","Gestore COM","N/D","N/D","Abilitata","Disabilitata","","INTERACTIVE","Disabilitata","72:00:00","Dati di pianificazione non disponibili in questo formato.","Non definito","N/D","N/D","N/D","N/D","N/D","N/D","N/D","N/D","N/D"
"NAGATO272","\Microsoft\Windows\BitLocker\BitLocker MDM policy Refresh","N/D","Pronta","Interattivo/Background","30/11/1999 00:00:00","267011","N/D","Gestore COM","N/D","N/D","Abilitata","Disabilitata","Interrompi in modalit… di alimentazione a batterie","INTERACTIVE","Disabilitata","72:00:00","Dati di pianificazione non disponibili in questo formato.","Non definito","N/D","N/D","N/D","N/D","N/D","N/D","N/D","N/D","N/D"
"Nome host","Nome attivit…","Prossima esecuzione","Stato","Modalit… accesso","Ultima esecuzione","Ultimo esito","Autore","Attivit… da eseguire","Avvio in","Commento","Stato attivit… pianificata","Tempo di inattivit…","Risparmio energia","Esegui come utente","Elimina l'attivit… se non ripianificata","Interrompi l'attivit… se Š in esecuzione da X ore e X minuti","Pianificazione","Tipo di pianificazione","Ora di avvio","Data di avvio","Data di fine","giorni","mesi","Ripeti: Ogni","Ripeti: Fino a: Ora","Ripeti: Fino a: Durata","Ripeti: Interrompi se ancora in esecuzione"
"NAGATO272","\Microsoft\Windows\Bluetooth\UninstallDeviceTask","N/D","Pronta","Interattivo/Background","30/11/1999 00:00:00","267011","Microsoft","BthUdTask.exe $(Arg0)","N/D","Disinstalla il dispositivo PnP associato all'ID servizio Bluetooth specificato","Abilitata","Disabilitata","","SYSTEM","Disabilitata","72:00:00","Dati di pianificazione non disponibili in questo formato.","Solo su richiesta","N/D","N/D","N/D","N/D","N/D","N/D","N/D","N/D","N/D"
"Nome host","Nome attivit…","Prossima esecuzione","Stato","Modalit… accesso","Ultima esecuzione","Ultimo esito","Autore","Attivit… da eseguire","Avvio in","Commento","Stato attivit… pianificata","Tempo di inattivit…","Risparmio energia","Esegui come utente","Elimina l'attivit… se non ripianificata","Interrompi l'attivit… se Š in esecuzione da X ore e X minuti","Pianificazione","Tipo di pianificazione","Ora di avvio","Data di avvio","Data di fine","giorni","mesi","Ripeti: Ogni","Ripeti: Fino a: Ora","Ripeti: Fino a: Durata","Ripeti: Interrompi se ancora in esecuzione"
"NAGATO272","\Microsoft\Windows\BrokerInfrastructure\BgTaskRegistrationMaintenanceTask","N/D","Pronta","Interattivo/Background","02/10/2024 19:30:46","268435456","Microsoft Corporation","Gestore COM","N/D","Mantiene le registrazioni delle attivit… in background per le applicazioni della piattaforma UWP (Universal Windows Platform).","Abilitata","Avvia solo se inattivo da 0 minuti, Se non inattivo riprova per 0 minuti Interrompi l'operazione se lo stato di inattivit… termina","Interrompi in modalit… di alimentazione a batterie, Non avviare se il sistema Š alimentato a batterie","SYSTEM","Disabilitata","00:06:00","Dati di pianificazione non disponibili in questo formato.","Solo su richiesta","N/D","N/D","N/D","N/D","N/D","N/D","N/D","N/D","N/D"
"Nome host","Nome attivit…","Prossima esecuzione","Stato","Modalit… accesso","Ultima esecuzione","Ultimo esito","Autore","Attivit… da eseguire","Avvio in","Commento","Stato attivit… pianificata","Tempo di inattivit…","Risparmio energia","Esegui come utente","Elimina l'attivit… se non ripianificata","Interrompi l'attivit… se Š in esecuzione da X ore e X minuti","Pianificazione","Tipo di pianificazione","Ora di avvio","Data di avvio","Data di fine","giorni","mesi","Ripeti: Ogni","Ripeti: Fino a: Ora","Ripeti: Fino a: Durata","Ripeti: Interrompi se ancora in esecuzione"
"NAGATO272","\Microsoft\Windows\capabilityaccessmanager\maintenancetasks","N/D","Pronta","Interattivo/Background","03/10/2024 20:46:01","0","Microsoft Corporation","%windir%\system32\rundll32.exe %windir%\system32\CapabilityAccessManager.dll,CapabilityAccessManagerDoStoreMaintenance","N/D","Attivit… di manutenzione di gestione accesso alle funzionalit…","Abilitata","Disabilitata","Non avviare se il sistema Š alimentato a batterie","SYSTEM","Disabilitata","72:00:00","Dati di pianificazione non disponibili in questo formato.","Solo su richiesta","N/D","N/D","N/D","N/D","N/D","N/D","N/D","N/D","N/D"
"Nome host","Nome attivit…","Prossima esecuzione","Stato","Modalit… accesso","Ultima esecuzione","Ultimo esito","Autore","Attivit… da eseguire","Avvio in","Commento","Stato attivit… pianificata","Tempo di inattivit…","Risparmio energia","Esegui come utente","Elimina l'attivit… se non ripianificata","Interrompi l'attivit… se Š in esecuzione da X ore e X minuti","Pianificazione","Tipo di pianificazione","Ora di avvio","Data di avvio","Data di fine","giorni","mesi","Ripeti: Ogni","Ripeti: Fino a: Ora","Ripeti: Fino a: Durata","Ripeti: Interrompi se ancora in esecuzione"
"NAGATO272","\Microsoft\Windows\CertificateServicesClient\UserTask","N/D","Pronta","Interattivo/Background","03/10/2024 15:34:21","0","Microsoft Corporation","Gestore COM","N/D","Client Servizi certificati gestisce automaticamente le identit… digitali, quali certificati, chiavi e credenziali per gli utenti, abilitando la registrazione, il roaming e altri servizi.","Abilitata","Disabilitata","Interrompi in modalit… di alimentazione a batterie","INTERACTIVE","Disabilitata","Disabilitata","Dati di pianificazione non disponibili in questo formato.","Non definito","N/D","N/D","N/D","N/D","N/D","N/D","N/D","N/D","N/D"
"NAGATO272","\Microsoft\Windows\CertificateServicesClient\UserTask","N/D","Pronta","Interattivo/Background","03/10/2024 15:34:21","0","Microsoft Corporation","Gestore COM","N/D","Client Servizi certificati gestisce automaticamente le identit… digitali, quali certificati, chiavi e credenziali per gli utenti, abilitando la registrazione, il roaming e altri servizi.","Abilitata","Disabilitata","Interrompi in modalit… di alimentazione a batterie","INTERACTIVE","Disabilitata","Disabilitata","Dati di pianificazione non disponibili in questo formato.","All'avvio del sistema","N/D","N/D","N/D","N/D","N/D","N/D","N/D","N/D","N/D"
"NAGATO272","\Microsoft\Windows\CertificateServicesClient\UserTask","N/D","Pronta","Interattivo/Background","03/10/2024 15:34:21","0","Microsoft Corporation","Gestore COM","N/D","Client Servizi certificati gestisce automaticamente le identit… digitali, quali certificati, chiavi e credenziali per gli utenti, abilitando la registrazione, il roaming e altri servizi.","Abilitata","Disabilitata","Interrompi in modalit… di alimentazione a batterie","INTERACTIVE","Disabilitata","Disabilitata","Dati di pianificazione non disponibili in questo formato.","All'accesso","N/D","N/D","N/D","N/D","N/D","N/D","N/D","N/D","N/D"
"NAGATO272","\Microsoft\Windows\CertificateServicesClient\UserTask","N/D","Pronta","Interattivo/Background","03/10/2024 15:34:21","0","Microsoft Corporation","Gestore COM","N/D","Client Servizi certificati gestisce automaticamente le identit… digitali, quali certificati, chiavi e credenziali per gli utenti, abilitando la registrazione, il roaming e altri servizi.","Abilitata","Disabilitata","Interrompi in modalit… di alimentazione a batterie","INTERACTIVE","Disabilitata","Disabilitata","Dati di pianificazione non disponibili in questo formato.","Quando si verifica un evento","N/D","N/D","N/D","N/D","N/D","N/D","N/D","N/D","N/D"
"NAGATO272","\Microsoft\Windows\CertificateServicesClient\UserTask-Roam","N/D","Pronta","Interattivo/Background","03/10/2024 20:46:58","0","Microsoft Corporation","Gestore COM","N/D","Client Servizi certificati gestisce automaticamente le identit… digitali, quali certificati, chiavi e credenziali per gli utenti, abilitando la registrazione, il roaming e altri servizi.","Abilitata","Disabilitata","Interrompi in modalit… di alimentazione a batterie, Non avviare se il sistema Š alimentato a batterie","INTERACTIVE","Disabilitata","Disabilitata","Dati di pianificazione non disponibili in questo formato.","Quando si verifica un evento","N/D","N/D","N/D","N/D","N/D","N/D","N/D","N/D","N/D"
"NAGATO272","\Microsoft\Windows\CertificateServicesClient\UserTask-Roam","N/D","Pronta","Interattivo/Background","03/10/2024 20:46:58","0","Microsoft Corporation","Gestore COM","N/D","Client Servizi certificati gestisce automaticamente le identit… digitali, quali certificati, chiavi e credenziali per gli utenti, abilitando la registrazione, il roaming e altri servizi.","Abilitata","Disabilitata","Interrompi in modalit… di alimentazione a batterie, Non avviare se il sistema Š alimentato a batterie","INTERACTIVE","Disabilitata","Disabilitata","Dati di pianificazione non disponibili in questo formato.","Quando si verifica un evento","N/D","N/D","N/D","N/D","N/D","N/D","N/D","N/D","N/D"
"Nome host","Nome attivit…","Prossima esecuzione","Stato","Modalit… accesso","Ultima esecuzione","Ultimo esito","Autore","Attivit… da eseguire","Avvio in","Commento","Stato attivit… pianificata","Tempo di inattivit…","Risparmio energia","Esegui come utente","Elimina l'attivit… se non ripianificata","Interrompi l'attivit… se Š in esecuzione da X ore e X minuti","Pianificazione","Tipo di pianificazione","Ora di avvio","Data di avvio","Data di fine","giorni","mesi","Ripeti: Ogni","Ripeti: Fino a: Ora","Ripeti: Fino a: Durata","Ripeti: Interrompi se ancora in esecuzione"
"NAGATO272","\Microsoft\Windows\Chkdsk\ProactiveScan","N/D","Pronta","Interattivo/Background","03/10/2024 20:46:01","0","Microsoft Corporation","Gestore COM","N/D","Analisi stato volume NTFS","Abilitata","Disabilitata","Interrompi in modalit… di alimentazione a batterie, Non avviare se il sistema Š alimentato a batterie","SYSTEM","Disabilitata","72:00:00","Dati di pianificazione non disponibili in questo formato.","Solo su richiesta","N/D","N/D","N/D","N/D","N/D","N/D","N/D","N/D","N/D"
"NAGATO272","\Microsoft\Windows\Chkdsk\SyspartRepair","N/D","Pronta","Interattivo/Background","30/11/1999 00:00:00","267011","N/D","%windir%\system32\bcdboot.exe %windir% /sysrepair","N/D","N/D","Abilitata","Disabilitata","","SYSTEM","Disabilitata","72:00:00","Dati di pianificazione non disponibili in questo formato.","Non definito","N/D","N/D","N/D","N/D","N/D","N/D","N/D","N/D","N/D"
"Nome host","Nome attivit…","Prossima esecuzione","Stato","Modalit… accesso","Ultima esecuzione","Ultimo esito","Autore","Attivit… da eseguire","Avvio in","Commento","Stato attivit… pianificata","Tempo di inattivit…","Risparmio energia","Esegui come utente","Elimina l'attivit… se non ripianificata","Interrompi l'attivit… se Š in esecuzione da X ore e X minuti","Pianificazione","Tipo di pianificazione","Ora di avvio","Data di avvio","Data di fine","giorni","mesi","Ripeti: Ogni","Ripeti: Fino a: Ora","Ripeti: Fino a: Durata","Ripeti: Interrompi se ancora in esecuzione"
"NAGATO272","\Microsoft\Windows\CloudExperienceHost\CreateObjectTask","N/D","Pronta","Interattivo/Background","28/06/2024 19:43:17","0","N/D","Gestore COM","N/D","N/D","Abilitata","Disabilitata","","SYSTEM","Disabilitata","01:00:00","Dati di pianificazione non disponibili in questo formato.","Solo su richiesta","N/D","N/D","N/D","N/D","N/D","N/D","N/D","N/D","N/D"
"Nome host","Nome attivit…","Prossima esecuzione","Stato","Modalit… accesso","Ultima esecuzione","Ultimo esito","Autore","Attivit… da eseguire","Avvio in","Commento","Stato attivit… pianificata","Tempo di inattivit…","Risparmio energia","Esegui come utente","Elimina l'attivit… se non ripianificata","Interrompi l'attivit… se Š in esecuzione da X ore e X minuti","Pianificazione","Tipo di pianificazione","Ora di avvio","Data di avvio","Data di fine","giorni","mesi","Ripeti: Ogni","Ripeti: Fino a: Ora","Ripeti: Fino a: Durata","Ripeti: Interrompi se ancora in esecuzione"
"NAGATO272","\Microsoft\Windows\CloudRestore\Backup","06/10/2024 08:51:54","Pronta","Interattivo/Background","29/09/2024 08:16:01","-2147020576","Microsoft Corporation","Gestore COM","N/D","Gestisce il ripristino delle impostazioni dal cloud","Abilitata","Disabilitata","","INTERACTIVE","Disabilitata","72:00:00","Dati di pianificazione non disponibili in questo formato.","Non definito","N/D","N/D","N/D","N/D","N/D","N/D","N/D","N/D","N/D"
"NAGATO272","\Microsoft\Windows\CloudRestore\Backup","06/10/2024 10:22:42","Pronta","Interattivo/Background","29/09/2024 08:16:01","-2147020576","Microsoft Corporation","Gestore COM","N/D","Gestisce il ripristino delle impostazioni dal cloud","Abilitata","Disabilitata","","INTERACTIVE","Disabilitata","72:00:00","Dati di pianificazione non disponibili in questo formato.","Ogni giorno ","12:00:00","01/07/2023","N/D","Ogni 7 giorni","N/D","Disabilitata","Disabilitata","Disabilitata","Disabilitata"
"NAGATO272","\Microsoft\Windows\CloudRestore\Restore","N/D","Pronta","Interattivo/Background","30/11/1999 00:00:00","267011","Microsoft Corporation","Gestore COM","N/D","Gestisce il ripristino delle impostazioni dal cloud","Abilitata","Disabilitata","","INTERACTIVE","Disabilitata","72:00:00","Dati di pianificazione non disponibili in questo formato.","Non definito","N/D","N/D","N/D","N/D","N/D","N/D","N/D","N/D","N/D"
"Nome host","Nome attivit…","Prossima esecuzione","Stato","Modalit… accesso","Ultima esecuzione","Ultimo esito","Autore","Attivit… da eseguire","Avvio in","Commento","Stato attivit… pianificata","Tempo di inattivit…","Risparmio energia","Esegui come utente","Elimina l'attivit… se non ripianificata","Interrompi l'attivit… se Š in esecuzione da X ore e X minuti","Pianificazione","Tipo di pianificazione","Ora di avvio","Data di avvio","Data di fine","giorni","mesi","Ripeti: Ogni","Ripeti: Fino a: Ora","Ripeti: Fino a: Durata","Ripeti: Interrompi se ancora in esecuzione"
"Nome host","Nome attivit…","Prossima esecuzione","Stato","Modalit… accesso","Ultima esecuzione","Ultimo esito","Autore","Attivit… da eseguire","Avvio in","Commento","Stato attivit… pianificata","Tempo di inattivit…","Risparmio energia","Esegui come utente","Elimina l'attivit… se non ripianificata","Interrompi l'attivit… se Š in esecuzione da X ore e X minuti","Pianificazione","Tipo di pianificazione","Ora di avvio","Data di avvio","Data di fine","giorni","mesi","Ripeti: Ogni","Ripeti: Fino a: Ora","Ripeti: Fino a: Durata","Ripeti: Interrompi se ancora in esecuzione"
"NAGATO272","\Microsoft\Windows\ConsentUX\UnifiedConsent\UnifiedConsentSyncTask","04/10/2024 12:00:00","Pronta","Interattivo/Background","03/10/2024 15:34:29","0","$(@%systemRoot%\system32\unifiedconsent.dll,-102)","Gestore COM","N/D","$(@%systemRoot%\system32\unifiedconsent.dll,-101)","Abilitata","Disabilitata","","INTERACTIVE","Disabilitata","00:05:00","Dati di pianificazione non disponibili in questo formato.","Non definito","N/D","N/D","N/D","N/D","N/D","N/D","N/D","N/D","N/D"
"NAGATO272","\Microsoft\Windows\ConsentUX\UnifiedConsent\UnifiedConsentSyncTask","04/10/2024 12:00:00","Pronta","Interattivo/Background","03/10/2024 15:34:29","0","$(@%systemRoot%\system32\unifiedconsent.dll,-102)","Gestore COM","N/D","$(@%systemRoot%\system32\unifiedconsent.dll,-101)","Abilitata","Disabilitata","","INTERACTIVE","Disabilitata","00:05:00","Dati di pianificazione non disponibili in questo formato.","Una sola volta, Ogni ora ","12:00:00","26/03/2024","N/D","N/D","N/D","24 ora/e, 0 minuto/i","Nessuno","Disabilitata","Disabilitata"
"Nome host","Nome attivit…","Prossima esecuzione","Stato","Modalit… accesso","Ultima esecuzione","Ultimo esito","Autore","Attivit… da eseguire","Avvio in","Commento","Stato attivit… pianificata","Tempo di inattivit…","Risparmio energia","Esegui come utente","Elimina l'attivit… se non ripianificata","Interrompi l'attivit… se Š in esecuzione da X ore e X minuti","Pianificazione","Tipo di pianificazione","Ora di avvio","Data di avvio","Data di fine","giorni","mesi","Ripeti: Ogni","Ripeti: Fino a: Ora","Ripeti: Fino a: Durata","Ripeti: Interrompi se ancora in esecuzione"
"NAGATO272","\Microsoft\Windows\Customer Experience Improvement Program\Consolidator","04/10/2024 00:00:00","Pronta","Interattivo/Background","03/10/2024 18:00:01","0","Microsoft Corporation","%SystemRoot%\System32\wsqmcons.exe ","N/D","Se l'utente ha fornito il proprio consenso alla partecipazione al programma Analisi utilizzo software Windows, questo processo raccoglie e invia a Microsoft i dati relativi all'utilizzo.","Abilitata","Disabilitata","","SYSTEM","Disabilitata","72:00:00","Dati di pianificazione non disponibili in questo formato.","Una sola volta, Ogni ora ","00:00:00","02/01/2004","N/D","N/D","N/D","6 ora/e, 0 minuto/i","Nessuno","Disabilitata","Disabilitata"
"NAGATO272","\Microsoft\Windows\Customer Experience Improvement Program\UsbCeip","N/D","Pronta","Interattivo/Background","02/10/2024 19:30:46","0","Microsoft Corporation","Gestore COM","N/D","L'attivit… Analisi utilizzo software USB (USBCEIP) consente di raccogliere statistiche e informazioni sull'uso di Universal Serial Bus nel computer e inviarle al gruppo di progettazione Windows Device Connectivity di Microsoft. Le informazioni ricevute ","Abilitata","Disabilitata","Interrompi in modalit… di alimentazione a batterie, Non avviare se il sistema Š alimentato a batterie","SYSTEM","Disabilitata","72:00:00","Dati di pianificazione non disponibili in questo formato.","Solo su richiesta","N/D","N/D","N/D","N/D","N/D","N/D","N/D","N/D","N/D"
"Nome host","Nome attivit…","Prossima esecuzione","Stato","Modalit… accesso","Ultima esecuzione","Ultimo esito","Autore","Attivit… da eseguire","Avvio in","Commento","Stato attivit… pianificata","Tempo di inattivit…","Risparmio energia","Esegui come utente","Elimina l'attivit… se non ripianificata","Interrompi l'attivit… se Š in esecuzione da X ore e X minuti","Pianificazione","Tipo di pianificazione","Ora di avvio","Data di avvio","Data di fine","giorni","mesi","Ripeti: Ogni","Ripeti: Fino a: Ora","Ripeti: Fino a: Durata","Ripeti: Interrompi se ancora in esecuzione"
"NAGATO272","\Microsoft\Windows\Data Integrity Scan\Data Integrity Check And Scan","03/10/2024 23:15:46","Pronta","Interattivo/Background","30/11/1999 00:00:00","267011","Microsoft Corporation","Gestore COM","N/D","Esegue l'analisi dei volumi a tolleranza di errore per i danneggiamenti latenti","Abilitata","Disabilitata","Interrompi in modalit… di alimentazione a batterie, Non avviare se il sistema Š alimentato a batterie","SYSTEM","Disabilitata","Disabilitata","Dati di pianificazione non disponibili in questo formato.","Ogni giorno ","23:00:00","01/01/2011","N/D","Ogni 1 giorni","N/D","Disabilitata","Disabilitata","Disabilitata","Disabilitata"
"NAGATO272","\Microsoft\Windows\Data Integrity Scan\Data Integrity Check And Scan","03/10/2024 23:59:48","Pronta","Interattivo/Background","30/11/1999 00:00:00","267011","Microsoft Corporation","Gestore COM","N/D","Esegue l'analisi dei volumi a tolleranza di errore per i danneggiamenti latenti","Abilitata","Disabilitata","Interrompi in modalit… di alimentazione a batterie, Non avviare se il sistema Š alimentato a batterie","SYSTEM","Disabilitata","Disabilitata","Dati di pianificazione non disponibili in questo formato.","All'avvio del sistema","N/D","N/D","N/D","N/D","N/D","N/D","N/D","N/D","N/D"
"NAGATO272","\Microsoft\Windows\Data Integrity Scan\Data Integrity Scan","N/D","Pronta","Interattivo/Background","30/11/1999 00:00:00","267011","Microsoft Corporation","Gestore COM","N/D","Esegue l'analisi dei volumi a tolleranza di errore per i danneggiamenti latenti","Abilitata","Disabilitata","Interrompi in modalit… di alimentazione a batterie, Non avviare se il sistema Š alimentato a batterie","SYSTEM","Disabilitata","Disabilitata","Dati di pianificazione non disponibili in questo formato.","Solo su richiesta","N/D","N/D","N/D","N/D","N/D","N/D","N/D","N/D","N/D"
"NAGATO272","\Microsoft\Windows\Data Integrity Scan\Data Integrity Scan for Crash Recovery","N/D","Pronta","Interattivo/Background","30/11/1999 00:00:00","267011","Microsoft Corporation","Gestore COM","N/D","Esegue l'analisi dei volumi a tolleranza di errore per il ripristino rapido dai guasti","Abilitata","Disabilitata","Interrompi in modalit… di alimentazione a batterie, Non avviare se il sistema Š alimentato a batterie","SYSTEM","Disabilitata","Disabilitata","Dati di pianificazione non disponibili in questo formato.","Non definito","N/D","N/D","N/D","N/D","N/D","N/D","N/D","N/D","N/D"
"Nome host","Nome attivit…","Prossima esecuzione","Stato","Modalit… accesso","Ultima esecuzione","Ultimo esito","Autore","Attivit… da eseguire","Avvio in","Commento","Stato attivit… pianificata","Tempo di inattivit…","Risparmio energia","Esegui come utente","Elimina l'attivit… se non ripianificata","Interrompi l'attivit… se Š in esecuzione da X ore e X minuti","Pianificazione","Tipo di pianificazione","Ora di avvio","Data di avvio","Data di fine","giorni","mesi","Ripeti: Ogni","Ripeti: Fino a: Ora","Ripeti: Fino a: Durata","Ripeti: Interrompi se ancora in esecuzione"
"NAGATO272","\Microsoft\Windows\Defrag\ScheduledDefrag","N/D","Disabilitato","Interattivo/Background","30/11/1999 00:00:00","267011","Microsoft Corporation","%windir%\system32\defrag.exe -c -h -o -$","N/D","Questa attivit… consente di ottimizzare le unit… di archiviazione locali.","Disabilitata","Disabilitata","Interrompi in modalit… di alimentazione a batterie, Non avviare se il sistema Š alimentato a batterie","SYSTEM","Disabilitata","72:00:00","Dati di pianificazione non disponibili in questo formato.","Solo su richiesta","N/D","N/D","N/D","N/D","N/D","N/D","N/D","N/D","N/D"
"Nome host","Nome attivit…","Prossima esecuzione","Stato","Modalit… accesso","Ultima esecuzione","Ultimo esito","Autore","Attivit… da eseguire","Avvio in","Commento","Stato attivit… pianificata","Tempo di inattivit…","Risparmio energia","Esegui come utente","Elimina l'attivit… se non ripianificata","Interrompi l'attivit… se Š in esecuzione da X ore e X minuti","Pianificazione","Tipo di pianificazione","Ora di avvio","Data di avvio","Data di fine","giorni","mesi","Ripeti: Ogni","Ripeti: Fino a: Ora","Ripeti: Fino a: Durata","Ripeti: Interrompi se ancora in esecuzione"
"NAGATO272","\Microsoft\Windows\Device Information\Device","04/10/2024 03:58:42","Pronta","Interattivo/Background","03/10/2024 04:41:57","0","N/D","%windir%\system32\devicecensus.exe SystemCxt","N/D","N/D","Abilitata","Disabilitata","","SYSTEM","Disabilitata","96:00:00","Dati di pianificazione non disponibili in questo formato.","Una sola volta, Ogni ora ","03:00:00","01/09/2008","N/D","N/D","N/D","24 ora/e, 0 minuto/i","Nessuno","Disabilitata","Disabilitata"
"NAGATO272","\Microsoft\Windows\Device Information\Device","04/10/2024 04:21:14","Pronta","Interattivo/Background","03/10/2024 04:41:57","0","N/D","%windir%\system32\devicecensus.exe SystemCxt","N/D","N/D","Abilitata","Disabilitata","","SYSTEM","Disabilitata","96:00:00","Dati di pianificazione non disponibili in questo formato.","Non definito","N/D","N/D","N/D","N/D","N/D","N/D","N/D","N/D","N/D"
"NAGATO272","\Microsoft\Windows\Device Information\Device User","N/D","Pronta","Interattivo/Background","03/10/2024 16:28:32","0","N/D","%windir%\system32\devicecensus.exe UserCxt","N/D","N/D","Abilitata","Avvia solo se inattivo da 1 minuti, Se non inattivo riprova per 1440 minuti","","INTERACTIVE","Disabilitata","96:00:00","Dati di pianificazione non disponibili in questo formato.","All'accesso","N/D","N/D","N/D","N/D","N/D","N/D","N/D","N/D","N/D"
"Nome host","Nome attivit…","Prossima esecuzione","Stato","Modalit… accesso","Ultima esecuzione","Ultimo esito","Autore","Attivit… da eseguire","Avvio in","Commento","Stato attivit… pianificata","Tempo di inattivit…","Risparmio energia","Esegui come utente","Elimina l'attivit… se non ripianificata","Interrompi l'attivit… se Š in esecuzione da X ore e X minuti","Pianificazione","Tipo di pianificazione","Ora di avvio","Data di avvio","Data di fine","giorni","mesi","Ripeti: Ogni","Ripeti: Fino a: Ora","Ripeti: Fino a: Durata","Ripeti: Interrompi se ancora in esecuzione"
"NAGATO272","\Microsoft\Windows\Diagnosis\RecommendedTroubleshootingScanner","N/D","Pronta","Interattivo/Background","20/03/2024 11:44:29","0","Microsoft Corporation","Gestore COM","N/D","Cerca la risoluzione dei problemi consigliata da Microsoft","Abilitata","Disabilitata","","SYSTEM","Disabilitata","00:30:00","Dati di pianificazione non disponibili in questo formato.","Non definito","N/D","N/D","N/D","N/D","N/D","N/D","N/D","N/D","N/D"
"NAGATO272","\Microsoft\Windows\Diagnosis\RecommendedTroubleshootingScanner","N/D","Pronta","Interattivo/Background","20/03/2024 11:44:29","0","Microsoft Corporation","Gestore COM","N/D","Cerca la risoluzione dei problemi consigliata da Microsoft","Abilitata","Disabilitata","","SYSTEM","Disabilitata","00:30:00","Dati di pianificazione non disponibili in questo formato.","Non definito","N/D","N/D","N/D","N/D","N/D","N/D","N/D","N/D","N/D"
"NAGATO272","\Microsoft\Windows\Diagnosis\RecommendedTroubleshootingScanner","N/D","Pronta","Interattivo/Background","20/03/2024 11:44:29","0","Microsoft Corporation","Gestore COM","N/D","Cerca la risoluzione dei problemi consigliata da Microsoft","Abilitata","Disabilitata","","SYSTEM","Disabilitata","00:30:00","Dati di pianificazione non disponibili in questo formato.","Non definito","N/D","N/D","N/D","N/D","N/D","N/D","N/D","N/D","N/D"
"NAGATO272","\Microsoft\Windows\Diagnosis\RecommendedTroubleshootingScanner","N/D","Pronta","Interattivo/Background","20/03/2024 11:44:29","0","Microsoft Corporation","Gestore COM","N/D","Cerca la risoluzione dei problemi consigliata da Microsoft","Abilitata","Disabilitata","","SYSTEM","Disabilitata","00:30:00","Dati di pianificazione non disponibili in questo formato.","All'avvio del sistema","N/D","N/D","N/D","N/D","N/D","N/D","N/D","N/D","N/D"
"NAGATO272","\Microsoft\Windows\Diagnosis\Scheduled","N/D","Pronta","Interattivo/Background","01/10/2024 19:22:27","0","Microsoft Corporation","Gestore COM","N/D","L'attivit… di manutenzione pianificata Windows esegue operazioni di manutenzione periodiche del computer, risolvendo automaticamente i problemi rilevati o segnalandoli tramite Sicurezza e manutenzione.","Abilitata","Disabilitata","Interrompi in modalit… di alimentazione a batterie, Non avviare se il sistema Š alimentato a batterie","INTERACTIVE","Disabilitata","72:00:00","Dati di pianificazione non disponibili in questo formato.","Solo su richiesta","N/D","N/D","N/D","N/D","N/D","N/D","N/D","N/D","N/D"
"Nome host","Nome attivit…","Prossima esecuzione","Stato","Modalit… accesso","Ultima esecuzione","Ultimo esito","Autore","Attivit… da eseguire","Avvio in","Commento","Stato attivit… pianificata","Tempo di inattivit…","Risparmio energia","Esegui come utente","Elimina l'attivit… se non ripianificata","Interrompi l'attivit… se Š in esecuzione da X ore e X minuti","Pianificazione","Tipo di pianificazione","Ora di avvio","Data di avvio","Data di fine","giorni","mesi","Ripeti: Ogni","Ripeti: Fino a: Ora","Ripeti: Fino a: Durata","Ripeti: Interrompi se ancora in esecuzione"
"NAGATO272","\Microsoft\Windows\DirectX\DirectXDatabaseUpdater","N/D","Pronta","Interattivo/Background","13/09/2024 04:32:27","0","N/D","%windir%\system32\directxdatabaseupdater.exe ","N/D","N/D","Abilitata","Disabilitata","","SYSTEM","Disabilitata","02:00:00","Dati di pianificazione non disponibili in questo formato.","All'accesso","N/D","N/D","N/D","N/D","N/D","N/D","N/D","N/D","N/D"
"NAGATO272","\Microsoft\Windows\DirectX\DirectXDatabaseUpdater","N/D","Pronta","Interattivo/Background","13/09/2024 04:32:27","0","N/D","%windir%\system32\directxdatabaseupdater.exe ","N/D","N/D","Abilitata","Disabilitata","","SYSTEM","Disabilitata","02:00:00","Dati di pianificazione non disponibili in questo formato.","Non definito","N/D","N/D","N/D","N/D","N/D","N/D","N/D","N/D","N/D"
"NAGATO272","\Microsoft\Windows\DirectX\DXGIAdapterCache","N/D","Pronta","Interattivo/Background","30/09/2024 22:07:37","0","N/D","%windir%\system32\dxgiadaptercache.exe ","N/D","N/D","Abilitata","Disabilitata","","SYSTEM","Disabilitata","72:00:00","Dati di pianificazione non disponibili in questo formato.","All'avvio del sistema","N/D","N/D","N/D","N/D","N/D","N/D","N/D","N/D","N/D"
"NAGATO272","\Microsoft\Windows\DirectX\DXGIAdapterCache","N/D","Pronta","Interattivo/Background","30/09/2024 22:07:37","0","N/D","%windir%\system32\dxgiadaptercache.exe ","N/D","N/D","Abilitata","Disabilitata","","SYSTEM","Disabilitata","72:00:00","Dati di pianificazione non disponibili in questo formato.","Non definito","N/D","N/D","N/D","N/D","N/D","N/D","N/D","N/D","N/D"
"NAGATO272","\Microsoft\Windows\DirectX\DXGIAdapterCache","N/D","Pronta","Interattivo/Background","30/09/2024 22:07:37","0","N/D","%windir%\system32\dxgiadaptercache.exe ","N/D","N/D","Abilitata","Disabilitata","","SYSTEM","Disabilitata","72:00:00","Dati di pianificazione non disponibili in questo formato.","Non definito","N/D","N/D","N/D","N/D","N/D","N/D","N/D","N/D","N/D"
"Nome host","Nome attivit…","Prossima esecuzione","Stato","Modalit… accesso","Ultima esecuzione","Ultimo esito","Autore","Attivit… da eseguire","Avvio in","Commento","Stato attivit… pianificata","Tempo di inattivit…","Risparmio energia","Esegui come utente","Elimina l'attivit… se non ripianificata","Interrompi l'attivit… se Š in esecuzione da X ore e X minuti","Pianificazione","Tipo di pianificazione","Ora di avvio","Data di avvio","Data di fine","giorni","mesi","Ripeti: Ogni","Ripeti: Fino a: Ora","Ripeti: Fino a: Durata","Ripeti: Interrompi se ancora in esecuzione"
"NAGATO272","\Microsoft\Windows\DiskCleanup\SilentCleanup","N/D","Pronta","Interattivo/Background","03/10/2024 21:11:08","-2147020576","Microsoft Corporation","%windir%\system32\cleanmgr.exe /autocleanstoragesense /d %systemdrive%","N/D","Attivit… di manutenzione utilizzata dal sistema per avviare una pulizia del disco automatica e invisibile all'utente quando lo spazio libero su disco Š in esaurimento.","Abilitata","Avvia solo se inattivo da  minuti, Se non inattivo riprova per  minuti Interrompi l'operazione se lo stato di inattivit… termina","Interrompi in modalit… di alimentazione a batterie, Non avviare se il sistema Š alimentato a batterie","Users","Disabilitata","00:15:00","Dati di pianificazione non disponibili in questo formato.","Solo su richiesta","N/D","N/D","N/D","N/D","N/D","N/D","N/D","N/D","N/D"
"Nome host","Nome attivit…","Prossima esecuzione","Stato","Modalit… accesso","Ultima esecuzione","Ultimo esito","Autore","Attivit… da eseguire","Avvio in","Commento","Stato attivit… pianificata","Tempo di inattivit…","Risparmio energia","Esegui come utente","Elimina l'attivit… se non ripianificata","Interrompi l'attivit… se Š in esecuzione da X ore e X minuti","Pianificazione","Tipo di pianificazione","Ora di avvio","Data di avvio","Data di fine","giorni","mesi","Ripeti: Ogni","Ripeti: Fino a: Ora","Ripeti: Fino a: Durata","Ripeti: Interrompi se ancora in esecuzione"
"NAGATO272","\Microsoft\Windows\DiskDiagnostic\Microsoft-Windows-DiskDiagnosticDataCollector","N/D","Disabilitato","Interattivo/Background","01/08/2024 19:30:00","0","Microsoft Corporation","%windir%\system32\rundll32.exe dfdts.dll,DfdGetDefaultPolicyAndSMART","N/D","Diagnostica dischi Windows invia a Microsoft informazioni generali sul sistema e i dischi per gli utenti che partecipano al programma Analisi utilizzo software.","Disabilitata","Disabilitata","Non avviare se il sistema Š alimentato a batterie","SYSTEM","Disabilitata","72:00:00","Dati di pianificazione non disponibili in questo formato.","Solo su richiesta","N/D","N/D","N/D","N/D","N/D","N/D","N/D","N/D","N/D"
"NAGATO272","\Microsoft\Windows\DiskDiagnostic\Microsoft-Windows-DiskDiagnosticResolver","N/D","Disabilitato","Interattivo/Background","30/11/1999 00:00:00","267011","Microsoft Corporation","%windir%\system32\DFDWiz.exe ","N/D","Microsoft-Windows-DiskDiagnosticResolver avvisa gli utenti in merito agli errori segnalati dai dischi rigidi che supportano lo standard S.M.A.R.T. (Self Monitoring and Reporting Technology). Questa attivit… viene attivata automaticamente dal Servizio cr","Disabilitata","Disabilitata","","Users","Disabilitata","72:00:00","Dati di pianificazione non disponibili in questo formato.","All'accesso","N/D","N/D","N/D","N/D","N/D","N/D","N/D","N/D","N/D"
"Nome host","Nome attivit…","Prossima esecuzione","Stato","Modalit… accesso","Ultima esecuzione","Ultimo esito","Autore","Attivit… da eseguire","Avvio in","Commento","Stato attivit… pianificata","Tempo di inattivit…","Risparmio energia","Esegui come utente","Elimina l'attivit… se non ripianificata","Interrompi l'attivit… se Š in esecuzione da X ore e X minuti","Pianificazione","Tipo di pianificazione","Ora di avvio","Data di avvio","Data di fine","giorni","mesi","Ripeti: Ogni","Ripeti: Fino a: Ora","Ripeti: Fino a: Durata","Ripeti: Interrompi se ancora in esecuzione"
"NAGATO272","\Microsoft\Windows\DiskFootprint\Diagnostics","N/D","Pronta","Interattivo/Background","03/10/2024 20:46:01","0","N/D","%windir%\system32\disksnapshot.exe -z","N/D","N/D","Abilitata","Avvia solo se inattivo da  minuti, Se non inattivo riprova per  minuti Interrompi l'operazione se lo stato di inattivit… termina","Interrompi in modalit… di alimentazione a batterie, Non avviare se il sistema Š alimentato a batterie","SYSTEM","Disabilitata","01:00:00","Dati di pianificazione non disponibili in questo formato.","Solo su richiesta","N/D","N/D","N/D","N/D","N/D","N/D","N/D","N/D","N/D"
"NAGATO272","\Microsoft\Windows\DiskFootprint\StorageSense","N/D","Pronta","Interattivo/Background","03/10/2024 20:46:01","-2147221164","N/D","Gestore COM","N/D","N/D","Abilitata","Avvia solo se inattivo da  minuti, Se non inattivo riprova per  minuti Interrompi l'operazione se lo stato di inattivit… termina","Interrompi in modalit… di alimentazione a batterie, Non avviare se il sistema Š alimentato a batterie","SYSTEM","Disabilitata","01:00:00","Dati di pianificazione non disponibili in questo formato.","Solo su richiesta","N/D","N/D","N/D","N/D","N/D","N/D","N/D","N/D","N/D"
"Nome host","Nome attivit…","Prossima esecuzione","Stato","Modalit… accesso","Ultima esecuzione","Ultimo esito","Autore","Attivit… da eseguire","Avvio in","Commento","Stato attivit… pianificata","Tempo di inattivit…","Risparmio energia","Esegui come utente","Elimina l'attivit… se non ripianificata","Interrompi l'attivit… se Š in esecuzione da X ore e X minuti","Pianificazione","Tipo di pianificazione","Ora di avvio","Data di avvio","Data di fine","giorni","mesi","Ripeti: Ogni","Ripeti: Fino a: Ora","Ripeti: Fino a: Durata","Ripeti: Interrompi se ancora in esecuzione"
"NAGATO272","\Microsoft\Windows\DUSM\dusmtask","N/D","Pronta","Interattivo/Background","30/11/1999 00:00:00","267011","N/D","%SystemRoot%\System32\dusmtask.exe ","N/D","N/D","Abilitata","Disabilitata","","INTERACTIVE","Disabilitata","72:00:00","Dati di pianificazione non disponibili in questo formato.","Non definito","N/D","N/D","N/D","N/D","N/D","N/D","N/D","N/D","N/D"
"Nome host","Nome attivit…","Prossima esecuzione","Stato","Modalit… accesso","Ultima esecuzione","Ultimo esito","Autore","Attivit… da eseguire","Avvio in","Commento","Stato attivit… pianificata","Tempo di inattivit…","Risparmio energia","Esegui come utente","Elimina l'attivit… se non ripianificata","Interrompi l'attivit… se Š in esecuzione da X ore e X minuti","Pianificazione","Tipo di pianificazione","Ora di avvio","Data di avvio","Data di fine","giorni","mesi","Ripeti: Ogni","Ripeti: Fino a: Ora","Ripeti: Fino a: Durata","Ripeti: Interrompi se ancora in esecuzione"
"NAGATO272","\Microsoft\Windows\EDP\EDP App Launch Task","N/D","Pronta","Interattivo/Background","30/11/1999 00:00:00","267011","N/D","Gestore COM","N/D","N/D","Abilitata","Disabilitata","Interrompi in modalit… di alimentazione a batterie","INTERACTIVE","Disabilitata","72:00:00","Dati di pianificazione non disponibili in questo formato.","Non definito","N/D","N/D","N/D","N/D","N/D","N/D","N/D","N/D","N/D"
"NAGATO272","\Microsoft\Windows\EDP\EDP Auth Task","N/D","Pronta","Interattivo/Background","30/11/1999 00:00:00","267011","N/D","Gestore COM","N/D","N/D","Abilitata","Disabilitata","Interrompi in modalit… di alimentazione a batterie","INTERACTIVE","Disabilitata","72:00:00","Dati di pianificazione non disponibili in questo formato.","Non definito","N/D","N/D","N/D","N/D","N/D","N/D","N/D","N/D","N/D"
"NAGATO272","\Microsoft\Windows\EDP\EDP Inaccessible Credentials Task","N/D","Pronta","Interattivo/Background","30/11/1999 00:00:00","267011","N/D","Gestore COM","N/D","N/D","Abilitata","Disabilitata","Interrompi in modalit… di alimentazione a batterie","INTERACTIVE","Disabilitata","72:00:00","Dati di pianificazione non disponibili in questo formato.","Non definito","N/D","N/D","N/D","N/D","N/D","N/D","N/D","N/D","N/D"
"NAGATO272","\Microsoft\Windows\EDP\StorageCardEncryption Task","N/D","Pronta","Interattivo/Background","30/11/1999 00:00:00","267011","N/D","Gestore COM","N/D","N/D","Abilitata","Disabilitata","","INTERACTIVE","Disabilitata","72:00:00","Dati di pianificazione non disponibili in questo formato.","Non definito","N/D","N/D","N/D","N/D","N/D","N/D","N/D","N/D","N/D"
"Nome host","Nome attivit…","Prossima esecuzione","Stato","Modalit… accesso","Ultima esecuzione","Ultimo esito","Autore","Attivit… da eseguire","Avvio in","Commento","Stato attivit… pianificata","Tempo di inattivit…","Risparmio energia","Esegui come utente","Elimina l'attivit… se non ripianificata","Interrompi l'attivit… se Š in esecuzione da X ore e X minuti","Pianificazione","Tipo di pianificazione","Ora di avvio","Data di avvio","Data di fine","giorni","mesi","Ripeti: Ogni","Ripeti: Fino a: Ora","Ripeti: Fino a: Durata","Ripeti: Interrompi se ancora in esecuzione"
"NAGATO272","\Microsoft\Windows\ExploitGuard\ExploitGuard MDM policy Refresh","N/D","Pronta","Interattivo/Background","30/09/2024 22:06:36","0","Microsoft Corporation","Gestore COM","N/D","Attivit… per l'applicazione delle modifiche alle impostazioni della Protezione dagli exploit della macchina.","Abilitata","Disabilitata","","SYSTEM","Disabilitata","72:00:00","Dati di pianificazione non disponibili in questo formato.","Non definito","N/D","N/D","N/D","N/D","N/D","N/D","N/D","N/D","N/D"
"NAGATO272","\Microsoft\Windows\ExploitGuard\ExploitGuard MDM policy Refresh","N/D","Pronta","Interattivo/Background","30/09/2024 22:06:36","0","Microsoft Corporation","Gestore COM","N/D","Attivit… per l'applicazione delle modifiche alle impostazioni della Protezione dagli exploit della macchina.","Abilitata","Disabilitata","","SYSTEM","Disabilitata","72:00:00","Dati di pianificazione non disponibili in questo formato.","Non definito","N/D","N/D","N/D","N/D","N/D","N/D","N/D","N/D","N/D"
"NAGATO272","\Microsoft\Windows\ExploitGuard\ExploitGuard MDM policy Refresh","N/D","Pronta","Interattivo/Background","30/09/2024 22:06:36","0","Microsoft Corporation","Gestore COM","N/D","Attivit… per l'applicazione delle modifiche alle impostazioni della Protezione dagli exploit della macchina.","Abilitata","Disabilitata","","SYSTEM","Disabilitata","72:00:00","Dati di pianificazione non disponibili in questo formato.","All'avvio del sistema","N/D","N/D","N/D","N/D","N/D","N/D","N/D","N/D","N/D"
"Nome host","Nome attivit…","Prossima esecuzione","Stato","Modalit… accesso","Ultima esecuzione","Ultimo esito","Autore","Attivit… da eseguire","Avvio in","Commento","Stato attivit… pianificata","Tempo di inattivit…","Risparmio energia","Esegui come utente","Elimina l'attivit… se non ripianificata","Interrompi l'attivit… se Š in esecuzione da X ore e X minuti","Pianificazione","Tipo di pianificazione","Ora di avvio","Data di avvio","Data di fine","giorni","mesi","Ripeti: Ogni","Ripeti: Fino a: Ora","Ripeti: Fino a: Durata","Ripeti: Interrompi se ancora in esecuzione"
"Nome host","Nome attivit…","Prossima esecuzione","Stato","Modalit… accesso","Ultima esecuzione","Ultimo esito","Autore","Attivit… da eseguire","Avvio in","Commento","Stato attivit… pianificata","Tempo di inattivit…","Risparmio energia","Esegui come utente","Elimina l'attivit… se non ripianificata","Interrompi l'attivit… se Š in esecuzione da X ore e X minuti","Pianificazione","Tipo di pianificazione","Ora di avvio","Data di avvio","Data di fine","giorni","mesi","Ripeti: Ogni","Ripeti: Fino a: Ora","Ripeti: Fino a: Durata","Ripeti: Interrompi se ancora in esecuzione"
"NAGATO272","\Microsoft\Windows\Feedback\Siuf\DmClient","N/D","Pronta","Interattivo/Background","03/10/2024 20:46:01","0","Microsoft Windows Feedback","%windir%\system32\dmclient.exe ","N/D","Update SIUF strings","Abilitata","Disabilitata","","SYSTEM","Disabilitata","00:05:00","Dati di pianificazione non disponibili in questo formato.","Solo su richiesta","N/D","N/D","N/D","N/D","N/D","N/D","N/D","N/D","N/D"
"NAGATO272","\Microsoft\Windows\Feedback\Siuf\DmClientOnScenarioDownload","N/D","Pronta","Interattivo/Background","03/10/2024 21:26:45","0","Microsoft Windows Feedback","%windir%\system32\dmclient.exe utcwnf","N/D","Update SIUF strings","Abilitata","Disabilitata","","SYSTEM","Disabilitata","00:05:00","Dati di pianificazione non disponibili in questo formato.","Non definito","N/D","N/D","N/D","N/D","N/D","N/D","N/D","N/D","N/D"
"Nome host","Nome attivit…","Prossima esecuzione","Stato","Modalit… accesso","Ultima esecuzione","Ultimo esito","Autore","Attivit… da eseguire","Avvio in","Commento","Stato attivit… pianificata","Tempo di inattivit…","Risparmio energia","Esegui come utente","Elimina l'attivit… se non ripianificata","Interrompi l'attivit… se Š in esecuzione da X ore e X minuti","Pianificazione","Tipo di pianificazione","Ora di avvio","Data di avvio","Data di fine","giorni","mesi","Ripeti: Ogni","Ripeti: Fino a: Ora","Ripeti: Fino a: Durata","Ripeti: Interrompi se ancora in esecuzione"
"NAGATO272","\Microsoft\Windows\File Classification Infrastructure\Property Definition Sync","N/D","Disabilitato","Interattivo/Background","30/11/1999 00:00:00","267011","Microsoft Corporation","Gestore COM","N/D","Sincronizza la tassonomia di Infrastruttura di classificazione file nel computer con le definizioni delle propriet… delle risorse archiviate in Active Directory.","Disabilitata","Avvia solo se inattivo da 1 minuti, Se non inattivo riprova per 1 minuti","","SYSTEM","Disabilitata","00:05:00","Dati di pianificazione non disponibili in questo formato.","Ogni giorno ","03:00:00","09/11/2006","N/D","Ogni 1 giorni","N/D","Disabilitata","Disabilitata","Disabilitata","Disabilitata"
"Nome host","Nome attivit…","Prossima esecuzione","Stato","Modalit… accesso","Ultima esecuzione","Ultimo esito","Autore","Attivit… da eseguire","Avvio in","Commento","Stato attivit… pianificata","Tempo di inattivit…","Risparmio energia","Esegui come utente","Elimina l'attivit… se non ripianificata","Interrompi l'attivit… se Š in esecuzione da X ore e X minuti","Pianificazione","Tipo di pianificazione","Ora di avvio","Data di avvio","Data di fine","giorni","mesi","Ripeti: Ogni","Ripeti: Fino a: Ora","Ripeti: Fino a: Durata","Ripeti: Interrompi se ancora in esecuzione"
"NAGATO272","\Microsoft\Windows\FileHistory\File History (maintenance mode)","N/D","Pronta","Interattivo/Background","01/10/2024 19:22:27","0","Microsoft Corporation","Gestore COM","N/D","Consente di copiare i file dell'utente in un percorso di backup quando il sistema non Š in uso per evitare che vengano persi accidentalmente","Abilitata","Disabilitata","Interrompi in modalit… di alimentazione a batterie, Non avviare se il sistema Š alimentato a batterie","SERVIZIO LOCALE","Disabilitata","Disabilitata","Dati di pianificazione non disponibili in questo formato.","Solo su richiesta","N/D","N/D","N/D","N/D","N/D","N/D","N/D","N/D","N/D"
"Nome host","Nome attivit…","Prossima esecuzione","Stato","Modalit… accesso","Ultima esecuzione","Ultimo esito","Autore","Attivit… da eseguire","Avvio in","Commento","Stato attivit… pianificata","Tempo di inattivit…","Risparmio energia","Esegui come utente","Elimina l'attivit… se non ripianificata","Interrompi l'attivit… se Š in esecuzione da X ore e X minuti","Pianificazione","Tipo di pianificazione","Ora di avvio","Data di avvio","Data di fine","giorni","mesi","Ripeti: Ogni","Ripeti: Fino a: Ora","Ripeti: Fino a: Durata","Ripeti: Interrompi se ancora in esecuzione"
"Nome host","Nome attivit…","Prossima esecuzione","Stato","Modalit… accesso","Ultima esecuzione","Ultimo esito","Autore","Attivit… da eseguire","Avvio in","Commento","Stato attivit… pianificata","Tempo di inattivit…","Risparmio energia","Esegui come utente","Elimina l'attivit… se non ripianificata","Interrompi l'attivit… se Š in esecuzione da X ore e X minuti","Pianificazione","Tipo di pianificazione","Ora di avvio","Data di avvio","Data di fine","giorni","mesi","Ripeti: Ogni","Ripeti: Fino a: Ora","Ripeti: Fino a: Durata","Ripeti: Interrompi se ancora in esecuzione"
"NAGATO272","\Microsoft\Windows\Flighting\FeatureConfig\BootstrapUsageDataReporting","N/D","Disabilitato","Interattivo/Background","15/08/2024 13:07:48","0","Microsoft Corporation","Gestore COM","N/D","Attivit… che registra periodicamente i report sull'utilizzo delle funzionalit…","Disabilitata","Disabilitata","","SYSTEM","Disabilitata","04:00:00","Dati di pianificazione non disponibili in questo formato.","Una sola volta, minuto ","02:06:51","05/04/2024","N/D","N/D","N/D","0 ora/e, 15 minuto/i","Nessuno","Disabilitata","Disabilitata"
"NAGATO272","\Microsoft\Windows\Flighting\FeatureConfig\ReconcileFeatures","N/D","Pronta","Interattivo/Background","03/10/2024 19:51:54","0","Microsoft Corporation","Gestore COM","N/D","Attivit… che riconcilia periodicamente le configurazioni di funzionalit…","Abilitata","Disabilitata","","SYSTEM","Disabilitata","00:05:00","Dati di pianificazione non disponibili in questo formato.","Non definito","N/D","N/D","N/D","N/D","N/D","N/D","N/D","N/D","N/D"
"NAGATO272","\Microsoft\Windows\Flighting\FeatureConfig\ReconcileFeatures","N/D","Pronta","Interattivo/Background","03/10/2024 19:51:54","0","Microsoft Corporation","Gestore COM","N/D","Attivit… che riconcilia periodicamente le configurazioni di funzionalit…","Abilitata","Disabilitata","","SYSTEM","Disabilitata","00:05:00","Dati di pianificazione non disponibili in questo formato.","Non definito","N/D","N/D","N/D","N/D","N/D","N/D","N/D","N/D","N/D"
"NAGATO272","\Microsoft\Windows\Flighting\FeatureConfig\ReconcileFeatures","N/D","Pronta","Interattivo/Background","03/10/2024 19:51:54","0","Microsoft Corporation","Gestore COM","N/D","Attivit… che riconcilia periodicamente le configurazioni di funzionalit…","Abilitata","Disabilitata","","SYSTEM","Disabilitata","00:05:00","Dati di pianificazione non disponibili in questo formato.","Non definito","N/D","N/D","N/D","N/D","N/D","N/D","N/D","N/D","N/D"
"NAGATO272","\Microsoft\Windows\Flighting\FeatureConfig\ReconcileFeatures","N/D","Pronta","Interattivo/Background","03/10/2024 19:51:54","0","Microsoft Corporation","Gestore COM","N/D","Attivit… che riconcilia periodicamente le configurazioni di funzionalit…","Abilitata","Disabilitata","","SYSTEM","Disabilitata","00:05:00","Dati di pianificazione non disponibili in questo formato.","Non definito","N/D","N/D","N/D","N/D","N/D","N/D","N/D","N/D","N/D"
"NAGATO272","\Microsoft\Windows\Flighting\FeatureConfig\ReconcileFeatures","N/D","Pronta","Interattivo/Background","03/10/2024 19:51:54","0","Microsoft Corporation","Gestore COM","N/D","Attivit… che riconcilia periodicamente le configurazioni di funzionalit…","Abilitata","Disabilitata","","SYSTEM","Disabilitata","00:05:00","Dati di pianificazione non disponibili in questo formato.","Non definito","N/D","N/D","N/D","N/D","N/D","N/D","N/D","N/D","N/D"
"NAGATO272","\Microsoft\Windows\Flighting\FeatureConfig\ReconcileFeatures","N/D","Pronta","Interattivo/Background","03/10/2024 19:51:54","0","Microsoft Corporation","Gestore COM","N/D","Attivit… che riconcilia periodicamente le configurazioni di funzionalit…","Abilitata","Disabilitata","","SYSTEM","Disabilitata","00:05:00","Dati di pianificazione non disponibili in questo formato.","Non definito","N/D","N/D","N/D","N/D","N/D","N/D","N/D","N/D","N/D"
"NAGATO272","\Microsoft\Windows\Flighting\FeatureConfig\ReconcileFeatures","N/D","Pronta","Interattivo/Background","03/10/2024 19:51:54","0","Microsoft Corporation","Gestore COM","N/D","Attivit… che riconcilia periodicamente le configurazioni di funzionalit…","Abilitata","Disabilitata","","SYSTEM","Disabilitata","00:05:00","Dati di pianificazione non disponibili in questo formato.","Non definito","N/D","N/D","N/D","N/D","N/D","N/D","N/D","N/D","N/D"
"NAGATO272","\Microsoft\Windows\Flighting\FeatureConfig\UsageDataFlushing","N/D","Pronta","Interattivo/Background","30/11/1999 00:00:00","267011","Microsoft Corporation","Gestore COM","N/D","Attivit… che salva in modo permanente i dati di utilizzo delle funzionalit… sul disco","Abilitata","Disabilitata","","SYSTEM","Disabilitata","00:05:00","Dati di pianificazione non disponibili in questo formato.","Non definito","N/D","N/D","N/D","N/D","N/D","N/D","N/D","N/D","N/D"
"NAGATO272","\Microsoft\Windows\Flighting\FeatureConfig\UsageDataFlushing","N/D","Pronta","Interattivo/Background","30/11/1999 00:00:00","267011","Microsoft Corporation","Gestore COM","N/D","Attivit… che salva in modo permanente i dati di utilizzo delle funzionalit… sul disco","Abilitata","Disabilitata","","SYSTEM","Disabilitata","00:05:00","Dati di pianificazione non disponibili in questo formato.","Non definito","N/D","N/D","N/D","N/D","N/D","N/D","N/D","N/D","N/D"
"NAGATO272","\Microsoft\Windows\Flighting\FeatureConfig\UsageDataFlushing","N/D","Pronta","Interattivo/Background","30/11/1999 00:00:00","267011","Microsoft Corporation","Gestore COM","N/D","Attivit… che salva in modo permanente i dati di utilizzo delle funzionalit… sul disco","Abilitata","Disabilitata","","SYSTEM","Disabilitata","00:05:00","Dati di pianificazione non disponibili in questo formato.","Non definito","N/D","N/D","N/D","N/D","N/D","N/D","N/D","N/D","N/D"
"NAGATO272","\Microsoft\Windows\Flighting\FeatureConfig\UsageDataReporting","N/D","Pronta","Interattivo/Background","03/10/2024 16:20:50","0","Microsoft Corporation","Gestore COM","N/D","Attivit… che registra periodicamente i report sull'utilizzo delle funzionalit…","Abilitata","Disabilitata","","SYSTEM","Disabilitata","00:05:00","Dati di pianificazione non disponibili in questo formato.","Non definito","N/D","N/D","N/D","N/D","N/D","N/D","N/D","N/D","N/D"
"Nome host","Nome attivit…","Prossima esecuzione","Stato","Modalit… accesso","Ultima esecuzione","Ultimo esito","Autore","Attivit… da eseguire","Avvio in","Commento","Stato attivit… pianificata","Tempo di inattivit…","Risparmio energia","Esegui come utente","Elimina l'attivit… se non ripianificata","Interrompi l'attivit… se Š in esecuzione da X ore e X minuti","Pianificazione","Tipo di pianificazione","Ora di avvio","Data di avvio","Data di fine","giorni","mesi","Ripeti: Ogni","Ripeti: Fino a: Ora","Ripeti: Fino a: Durata","Ripeti: Interrompi se ancora in esecuzione"
"NAGATO272","\Microsoft\Windows\Flighting\OneSettings\RefreshCache","04/10/2024 02:00:19","Pronta","Interattivo/Background","03/10/2024 19:49:54","0","Microsoft Corporation","Gestore COM","N/D","Attivit… di aggiornamento periodico dei dati per i client OneSettings.","Abilitata","Disabilitata","","SYSTEM","Disabilitata","00:05:00","Dati di pianificazione non disponibili in questo formato.","Una sola volta, minuto ","20:42:59","03/10/2024","N/D","N/D","N/D","4 ora/e, 40 minuto/i","Nessuno","Disabilitata","Disabilitata"
"NAGATO272","\Microsoft\Windows\Flighting\OneSettings\RefreshCache","04/10/2024 02:03:36","Pronta","Interattivo/Background","03/10/2024 19:49:54","0","Microsoft Corporation","Gestore COM","N/D","Attivit… di aggiornamento periodico dei dati per i client OneSettings.","Abilitata","Disabilitata","","SYSTEM","Disabilitata","00:05:00","Dati di pianificazione non disponibili in questo formato.","Non definito","N/D","N/D","N/D","N/D","N/D","N/D","N/D","N/D","N/D"
"NAGATO272","\Microsoft\Windows\Flighting\OneSettings\RefreshCache","04/10/2024 02:15:13","Pronta","Interattivo/Background","03/10/2024 19:49:54","0","Microsoft Corporation","Gestore COM","N/D","Attivit… di aggiornamento periodico dei dati per i client OneSettings.","Abilitata","Disabilitata","","SYSTEM","Disabilitata","00:05:00","Dati di pianificazione non disponibili in questo formato.","Non definito","N/D","N/D","N/D","N/D","N/D","N/D","N/D","N/D","N/D"
"Nome host","Nome attivit…","Prossima esecuzione","Stato","Modalit… accesso","Ultima esecuzione","Ultimo esito","Autore","Attivit… da eseguire","Avvio in","Commento","Stato attivit… pianificata","Tempo di inattivit…","Risparmio energia","Esegui come utente","Elimina l'attivit… se non ripianificata","Interrompi l'attivit… se Š in esecuzione da X ore e X minuti","Pianificazione","Tipo di pianificazione","Ora di avvio","Data di avvio","Data di fine","giorni","mesi","Ripeti: Ogni","Ripeti: Fino a: Ora","Ripeti: Fino a: Durata","Ripeti: Interrompi se ancora in esecuzione"
"NAGATO272","\Microsoft\Windows\Input\InputSettingsRestoreDataAvailable","N/D","Pronta","Interattivo/Background","30/11/1999 00:00:00","267011","N/D","Gestore COM","N/D","N/D","Abilitata","Disabilitata","","INTERACTIVE","Disabilitata","Disabilitata","Dati di pianificazione non disponibili in questo formato.","Non definito","N/D","N/D","N/D","N/D","N/D","N/D","N/D","N/D","N/D"
"NAGATO272","\Microsoft\Windows\Input\LocalUserSyncDataAvailable","N/D","Pronta","Interattivo/Background","04/07/2024 19:40:19","0","N/D","Gestore COM","N/D","N/D","Abilitata","Disabilitata","","INTERACTIVE","Disabilitata","Disabilitata","Dati di pianificazione non disponibili in questo formato.","Non definito","N/D","N/D","N/D","N/D","N/D","N/D","N/D","N/D","N/D"
"NAGATO272","\Microsoft\Windows\Input\MouseSyncDataAvailable","N/D","Pronta","Interattivo/Background","30/11/1999 00:00:00","267011","N/D","Gestore COM","N/D","N/D","Abilitata","Disabilitata","","INTERACTIVE","Disabilitata","Disabilitata","Dati di pianificazione non disponibili in questo formato.","Non definito","N/D","N/D","N/D","N/D","N/D","N/D","N/D","N/D","N/D"
"NAGATO272","\Microsoft\Windows\Input\PenSyncDataAvailable","N/D","Pronta","Interattivo/Background","28/06/2024 19:59:55","0","N/D","Gestore COM","N/D","N/D","Abilitata","Disabilitata","","INTERACTIVE","Disabilitata","Disabilitata","Dati di pianificazione non disponibili in questo formato.","Non definito","N/D","N/D","N/D","N/D","N/D","N/D","N/D","N/D","N/D"
"NAGATO272","\Microsoft\Windows\Input\syncpensettings","N/D","Pronta","Interattivo/Background","30/11/1999 00:00:00","267011","N/D","Gestore COM","N/D","N/D","Abilitata","Disabilitata","","INTERACTIVE","Disabilitata","00:01:00","Dati di pianificazione non disponibili in questo formato.","Non definito","N/D","N/D","N/D","N/D","N/D","N/D","N/D","N/D","N/D"
"NAGATO272","\Microsoft\Windows\Input\TouchpadSyncDataAvailable","N/D","Pronta","Interattivo/Background","30/11/1999 00:00:00","267011","N/D","Gestore COM","N/D","N/D","Abilitata","Disabilitata","","INTERACTIVE","Disabilitata","Disabilitata","Dati di pianificazione non disponibili in questo formato.","Non definito","N/D","N/D","N/D","N/D","N/D","N/D","N/D","N/D","N/D"
"Nome host","Nome attivit…","Prossima esecuzione","Stato","Modalit… accesso","Ultima esecuzione","Ultimo esito","Autore","Attivit… da eseguire","Avvio in","Commento","Stato attivit… pianificata","Tempo di inattivit…","Risparmio energia","Esegui come utente","Elimina l'attivit… se non ripianificata","Interrompi l'attivit… se Š in esecuzione da X ore e X minuti","Pianificazione","Tipo di pianificazione","Ora di avvio","Data di avvio","Data di fine","giorni","mesi","Ripeti: Ogni","Ripeti: Fino a: Ora","Ripeti: Fino a: Durata","Ripeti: Interrompi se ancora in esecuzione"
"NAGATO272","\Microsoft\Windows\InstallService\RestoreDevice","N/D","Pronta","Interattivo/Background","30/09/2024 23:06:38","0","N/D","Gestore COM","N/D","N/D","Abilitata","Disabilitata","Interrompi in modalit… di alimentazione a batterie, Non avviare se il sistema Š alimentato a batterie","INTERACTIVE","Disabilitata","03:00:00","Dati di pianificazione non disponibili in questo formato.","Non definito","N/D","N/D","N/D","N/D","N/D","N/D","N/D","N/D","N/D"
"NAGATO272","\Microsoft\Windows\InstallService\ScanForUpdates","05/10/2024 00:45:25","Pronta","Interattivo/Background","03/10/2024 04:41:57","0","N/D","Gestore COM","N/D","N/D","Abilitata","Disabilitata","","SYSTEM","Disabilitata","04:00:00","Dati di pianificazione non disponibili in questo formato.","Una sola volta, Ogni ora ","02:00:00","01/01/2014","N/D","N/D","N/D","24 ora/e, 0 minuto/i","Nessuno","Disabilitata","Disabilitata"
"NAGATO272","\Microsoft\Windows\InstallService\ScanForUpdates","04/10/2024 08:24:00","Pronta","Interattivo/Background","03/10/2024 04:41:57","0","N/D","Gestore COM","N/D","N/D","Abilitata","Disabilitata","","SYSTEM","Disabilitata","04:00:00","Dati di pianificazione non disponibili in questo formato.","Non definito","N/D","N/D","N/D","N/D","N/D","N/D","N/D","N/D","N/D"
"NAGATO272","\Microsoft\Windows\InstallService\ScanForUpdates","04/10/2024 12:27:55","Pronta","Interattivo/Background","03/10/2024 04:41:57","0","N/D","Gestore COM","N/D","N/D","Abilitata","Disabilitata","","SYSTEM","Disabilitata","04:00:00","Dati di pianificazione non disponibili in questo formato.","Una sola volta","02:00:00","01/01/2014","N/D","N/D","N/D","Disabilitata","Disabilitata","Disabilitata","Disabilitata"
"NAGATO272","\Microsoft\Windows\InstallService\ScanForUpdatesAsUser","N/D","Pronta","Interattivo/Background","03/10/2024 16:20:50","0","N/D","Gestore COM","N/D","N/D","Abilitata","Disabilitata","","INTERACTIVE","Disabilitata","04:00:00","Dati di pianificazione non disponibili in questo formato.","Solo su richiesta","N/D","N/D","N/D","N/D","N/D","N/D","N/D","N/D","N/D"
"NAGATO272","\Microsoft\Windows\InstallService\WakeUpAndContinueUpdates","N/D","Disabilitato","Interattivo/Background","30/11/1999 00:00:00","267011","N/D","Gestore COM","N/D","N/D","Disabilitata","Avvia solo se inattivo da  minuti, Se non inattivo riprova per  minuti Interrompi l'operazione se lo stato di inattivit… termina","Interrompi in modalit… di alimentazione a batterie, Non avviare se il sistema Š alimentato a batterie","SYSTEM","Disabilitata","04:00:00","Dati di pianificazione non disponibili in questo formato.","Solo su richiesta","N/D","N/D","N/D","N/D","N/D","N/D","N/D","N/D","N/D"
"NAGATO272","\Microsoft\Windows\InstallService\WakeUpAndScanForUpdates","N/D","Disabilitato","Interattivo/Background","30/11/1999 00:00:00","267011","N/D","Gestore COM","N/D","N/D","Disabilitata","Avvia solo se inattivo da  minuti, Se non inattivo riprova per  minuti Interrompi l'operazione se lo stato di inattivit… termina","Interrompi in modalit… di alimentazione a batterie, Non avviare se il sistema Š alimentato a batterie","SYSTEM","Disabilitata","04:00:00","Dati di pianificazione non disponibili in questo formato.","Una sola volta, Ogni ora ","02:00:00","01/01/2014","N/D","N/D","N/D","24 ora/e, 0 minuto/i","Nessuno","Disabilitata","Disabilitata"
"Nome host","Nome attivit…","Prossima esecuzione","Stato","Modalit… accesso","Ultima esecuzione","Ultimo esito","Autore","Attivit… da eseguire","Avvio in","Commento","Stato attivit… pianificata","Tempo di inattivit…","Risparmio energia","Esegui come utente","Elimina l'attivit… se non ripianificata","Interrompi l'attivit… se Š in esecuzione da X ore e X minuti","Pianificazione","Tipo di pianificazione","Ora di avvio","Data di avvio","Data di fine","giorni","mesi","Ripeti: Ogni","Ripeti: Fino a: Ora","Ripeti: Fino a: Durata","Ripeti: Interrompi se ancora in esecuzione"
"NAGATO272","\Microsoft\Windows\International\Synchronize Language Settings","N/D","Pronta","Interattivo/Background","03/10/2024 15:34:52","0","Microsoft Corporation","Gestore COM","N/D","Synchronize User Language Settings from other devices.","Abilitata","Disabilitata","","INTERACTIVE","Disabilitata","00:10:00","Dati di pianificazione non disponibili in questo formato.","Non definito","N/D","N/D","N/D","N/D","N/D","N/D","N/D","N/D","N/D"
"NAGATO272","\Microsoft\Windows\International\Synchronize Language Settings","N/D","Pronta","Interattivo/Background","03/10/2024 15:34:52","0","Microsoft Corporation","Gestore COM","N/D","Synchronize User Language Settings from other devices.","Abilitata","Disabilitata","","INTERACTIVE","Disabilitata","00:10:00","Dati di pianificazione non disponibili in questo formato.","All'accesso","N/D","N/D","N/D","N/D","N/D","N/D","N/D","N/D","N/D"
"Nome host","Nome attivit…","Prossima esecuzione","Stato","Modalit… accesso","Ultima esecuzione","Ultimo esito","Autore","Attivit… da eseguire","Avvio in","Commento","Stato attivit… pianificata","Tempo di inattivit…","Risparmio energia","Esegui come utente","Elimina l'attivit… se non ripianificata","Interrompi l'attivit… se Š in esecuzione da X ore e X minuti","Pianificazione","Tipo di pianificazione","Ora di avvio","Data di avvio","Data di fine","giorni","mesi","Ripeti: Ogni","Ripeti: Fino a: Ora","Ripeti: Fino a: Durata","Ripeti: Interrompi se ancora in esecuzione"
"NAGATO272","\Microsoft\Windows\Kernel\La57Cleanup","N/D","Pronta","Interattivo/Background","01/10/2024 19:22:27","0","Microsoft Corporation","%windir%\system32\la57setup.exe ","N/D","Questa attivit… pulisce i file binari di paging di 5 livello nei sistemi che non supportano il paging a 5 livelli.","Abilitata","Disabilitata","Non avviare se il sistema Š alimentato a batterie","SYSTEM","Disabilitata","00:05:00","Dati di pianificazione non disponibili in questo formato.","Solo su richiesta","N/D","N/D","N/D","N/D","N/D","N/D","N/D","N/D","N/D"
"Nome host","Nome attivit…","Prossima esecuzione","Stato","Modalit… accesso","Ultima esecuzione","Ultimo esito","Autore","Attivit… da eseguire","Avvio in","Commento","Stato attivit… pianificata","Tempo di inattivit…","Risparmio energia","Esegui come utente","Elimina l'attivit… se non ripianificata","Interrompi l'attivit… se Š in esecuzione da X ore e X minuti","Pianificazione","Tipo di pianificazione","Ora di avvio","Data di avvio","Data di fine","giorni","mesi","Ripeti: Ogni","Ripeti: Fino a: Ora","Ripeti: Fino a: Durata","Ripeti: Interrompi se ancora in esecuzione"
"NAGATO272","\Microsoft\Windows\LanguageComponentsInstaller\Installation","N/D","Pronta","Interattivo/Background","03/10/2024 15:49:22","0","Microsoft Corporation","Gestore COM","N/D","Installare i componenti lingua che corrispondono all'elenco di lingue dell'utente.","Abilitata","Disabilitata","Non avviare se il sistema Š alimentato a batterie","INTERACTIVE","Disabilitata","01:00:00","Dati di pianificazione non disponibili in questo formato.","All'accesso","N/D","N/D","N/D","N/D","N/D","N/D","N/D","N/D","N/D"
"NAGATO272","\Microsoft\Windows\LanguageComponentsInstaller\ReconcileLanguageResources","N/D","Pronta","Interattivo/Background","03/10/2024 17:34:22","0","Microsoft Corporation","Gestore COM","N/D","Installa i componenti lingua che corrispondono all'elenco di lingue dell'utente.","Abilitata","Disabilitata","Non avviare se il sistema Š alimentato a batterie","INTERACTIVE","Disabilitata","01:00:00","Dati di pianificazione non disponibili in questo formato.","All'accesso","N/D","N/D","N/D","N/D","N/D","N/D","N/D","N/D","N/D"
"Nome host","Nome attivit…","Prossima esecuzione","Stato","Modalit… accesso","Ultima esecuzione","Ultimo esito","Autore","Attivit… da eseguire","Avvio in","Commento","Stato attivit… pianificata","Tempo di inattivit…","Risparmio energia","Esegui come utente","Elimina l'attivit… se non ripianificata","Interrompi l'attivit… se Š in esecuzione da X ore e X minuti","Pianificazione","Tipo di pianificazione","Ora di avvio","Data di avvio","Data di fine","giorni","mesi","Ripeti: Ogni","Ripeti: Fino a: Ora","Ripeti: Fino a: Durata","Ripeti: Interrompi se ancora in esecuzione"
"Nome host","Nome attivit…","Prossima esecuzione","Stato","Modalit… accesso","Ultima esecuzione","Ultimo esito","Autore","Attivit… da eseguire","Avvio in","Commento","Stato attivit… pianificata","Tempo di inattivit…","Risparmio energia","Esegui come utente","Elimina l'attivit… se non ripianificata","Interrompi l'attivit… se Š in esecuzione da X ore e X minuti","Pianificazione","Tipo di pianificazione","Ora di avvio","Data di avvio","Data di fine","giorni","mesi","Ripeti: Ogni","Ripeti: Fino a: Ora","Ripeti: Fino a: Durata","Ripeti: Interrompi se ancora in esecuzione"
"NAGATO272","\Microsoft\Windows\Location\Notifications","N/D","Pronta","Interattivo/Background","13/07/2024 09:47:34","-2147024713","N/D","%windir%\System32\LocationNotificationWindows.exe ","N/D","Notifica posizione","Abilitata","Disabilitata","","Authenticated Users","Disabilitata","Disabilitata","Dati di pianificazione non disponibili in questo formato.","Non definito","N/D","N/D","N/D","N/D","N/D","N/D","N/D","N/D","N/D"
"NAGATO272","\Microsoft\Windows\Location\WindowsActionDialog","N/D","Pronta","Interattivo/Background","30/11/1999 00:00:00","267011","N/D","%windir%\System32\WindowsActionDialog.exe ","N/D","Notifica posizione","Abilitata","Disabilitata","","Authenticated Users","Disabilitata","Disabilitata","Dati di pianificazione non disponibili in questo formato.","Non definito","N/D","N/D","N/D","N/D","N/D","N/D","N/D","N/D","N/D"
"Nome host","Nome attivit…","Prossima esecuzione","Stato","Modalit… accesso","Ultima esecuzione","Ultimo esito","Autore","Attivit… da eseguire","Avvio in","Commento","Stato attivit… pianificata","Tempo di inattivit…","Risparmio energia","Esegui come utente","Elimina l'attivit… se non ripianificata","Interrompi l'attivit… se Š in esecuzione da X ore e X minuti","Pianificazione","Tipo di pianificazione","Ora di avvio","Data di avvio","Data di fine","giorni","mesi","Ripeti: Ogni","Ripeti: Fino a: Ora","Ripeti: Fino a: Durata","Ripeti: Interrompi se ancora in esecuzione"
"NAGATO272","\Microsoft\Windows\Maintenance\WinSAT","N/D","Pronta","Interattivo/Background","27/09/2024 19:17:39","0","Microsoft","Gestore COM","N/D","Misura le prestazioni e le capacit… di un sistema","Abilitata","Disabilitata","Interrompi in modalit… di alimentazione a batterie, Non avviare se il sistema Š alimentato a batterie","Administrators","Disabilitata","00:30:00","Dati di pianificazione non disponibili in questo formato.","Solo su richiesta","N/D","N/D","N/D","N/D","N/D","N/D","N/D","N/D","N/D"
"Nome host","Nome attivit…","Prossima esecuzione","Stato","Modalit… accesso","Ultima esecuzione","Ultimo esito","Autore","Attivit… da eseguire","Avvio in","Commento","Stato attivit… pianificata","Tempo di inattivit…","Risparmio energia","Esegui come utente","Elimina l'attivit… se non ripianificata","Interrompi l'attivit… se Š in esecuzione da X ore e X minuti","Pianificazione","Tipo di pianificazione","Ora di avvio","Data di avvio","Data di fine","giorni","mesi","Ripeti: Ogni","Ripeti: Fino a: Ora","Ripeti: Fino a: Durata","Ripeti: Interrompi se ancora in esecuzione"
"Nome host","Nome attivit…","Prossima esecuzione","Stato","Modalit… accesso","Ultima esecuzione","Ultimo esito","Autore","Attivit… da eseguire","Avvio in","Commento","Stato attivit… pianificata","Tempo di inattivit…","Risparmio energia","Esegui come utente","Elimina l'attivit… se non ripianificata","Interrompi l'attivit… se Š in esecuzione da X ore e X minuti","Pianificazione","Tipo di pianificazione","Ora di avvio","Data di avvio","Data di fine","giorni","mesi","Ripeti: Ogni","Ripeti: Fino a: Ora","Ripeti: Fino a: Durata","Ripeti: Interrompi se ancora in esecuzione"
"NAGATO272","\Microsoft\Windows\Management\Autopilot\DetectHardwareChange","N/D","Disabilitato","Interattivo/Background","30/11/1999 00:00:00","267011","$(@%SystemRoot%\system32\Autopilot.dll,-600)","Gestore COM","N/D","$(@%SystemRoot%\system32\Autopilot.dll,-602)","Disabilitata","Disabilitata","","SYSTEM","Disabilitata","72:00:00","Dati di pianificazione non disponibili in questo formato.","Non definito","N/D","N/D","N/D","N/D","N/D","N/D","N/D","N/D","N/D"
"NAGATO272","\Microsoft\Windows\Management\Autopilot\DetectHardwareChange","N/D","Disabilitato","Interattivo/Background","30/11/1999 00:00:00","267011","$(@%SystemRoot%\system32\Autopilot.dll,-600)","Gestore COM","N/D","$(@%SystemRoot%\system32\Autopilot.dll,-602)","Disabilitata","Disabilitata","","SYSTEM","Disabilitata","72:00:00","Dati di pianificazione non disponibili in questo formato.","Non definito","N/D","N/D","N/D","N/D","N/D","N/D","N/D","N/D","N/D"
"NAGATO272","\Microsoft\Windows\Management\Autopilot\RemediateHardwareChange","N/D","Disabilitato","Interattivo/Background","30/11/1999 00:00:00","267011","$(@%SystemRoot%\system32\Autopilot.dll,-600)","Gestore COM","N/D","$(@%SystemRoot%\system32\Autopilot.dll,-603)","Disabilitata","Disabilitata","","SYSTEM","Disabilitata","72:00:00","Dati di pianificazione non disponibili in questo formato.","All'avvio del sistema","N/D","N/D","N/D","N/D","N/D","N/D","N/D","N/D","N/D"
"Nome host","Nome attivit…","Prossima esecuzione","Stato","Modalit… accesso","Ultima esecuzione","Ultimo esito","Autore","Attivit… da eseguire","Avvio in","Commento","Stato attivit… pianificata","Tempo di inattivit…","Risparmio energia","Esegui come utente","Elimina l'attivit… se non ripianificata","Interrompi l'attivit… se Š in esecuzione da X ore e X minuti","Pianificazione","Tipo di pianificazione","Ora di avvio","Data di avvio","Data di fine","giorni","mesi","Ripeti: Ogni","Ripeti: Fino a: Ora","Ripeti: Fino a: Durata","Ripeti: Interrompi se ancora in esecuzione"
"NAGATO272","\Microsoft\Windows\Management\Provisioning\Cellular","N/D","Pronta","Interattivo/Background","30/11/1999 00:00:00","267011","N/D","%windir%\system32\ProvTool.exe /turn 7 /source CellStateChangeTask","N/D","N/D","Abilitata","Disabilitata","","SYSTEM","Disabilitata","72:00:00","Dati di pianificazione non disponibili in questo formato.","Non definito","N/D","N/D","N/D","N/D","N/D","N/D","N/D","N/D","N/D"
"NAGATO272","\Microsoft\Windows\Management\Provisioning\Logon","N/D","Pronta","Interattivo/Background","03/10/2024 16:20:49","0","N/D","%windir%\system32\ProvTool.exe /turn 5 /source LogonIdleTask","N/D","N/D","Abilitata","Avvia solo se inattivo da  minuti, Se non inattivo riprova per  minuti Interrompi l'operazione se lo stato di inattivit… termina","","SYSTEM","Disabilitata","72:00:00","Dati di pianificazione non disponibili in questo formato.","All'accesso","N/D","N/D","N/D","N/D","N/D","N/D","N/D","N/D","N/D"
"NAGATO272","\Microsoft\Windows\Management\Provisioning\MdmDiagnosticsCleanup","N/D","Disabilitato","Interattivo/Background","28/06/2024 20:17:48","0","N/D","%windir%\system32\MdmDiagnosticsTool.exe /clean","N/D","N/D","Disabilitata","Disabilitata","","SYSTEM","Disabilitata","72:00:00","Dati di pianificazione non disponibili in questo formato.","All'avvio del sistema","N/D","N/D","N/D","N/D","N/D","N/D","N/D","N/D","N/D"
"NAGATO272","\Microsoft\Windows\Management\Provisioning\Retry","N/D","Disabilitato","Interattivo/Background","30/11/1999 00:00:00","267011","N/D","%windir%\system32\ProvTool.exe /turn 5 /source ProvRetryTask","N/D","N/D","Disabilitata","Disabilitata","","SYSTEM","Disabilitata","72:00:00","Dati di pianificazione non disponibili in questo formato.","All'avvio del sistema","N/D","N/D","N/D","N/D","N/D","N/D","N/D","N/D","N/D"
"NAGATO272","\Microsoft\Windows\Management\Provisioning\RunOnReboot","N/D","Disabilitato","Interattivo/Background","30/11/1999 00:00:00","267011","N/D","%windir%\system32\ProvTool.exe /turn 5 /source ContinueSessionTask","N/D","N/D","Disabilitata","Disabilitata","","SYSTEM","Disabilitata","72:00:00","Dati di pianificazione non disponibili in questo formato.","All'avvio del sistema","N/D","N/D","N/D","N/D","N/D","N/D","N/D","N/D","N/D"
"Nome host","Nome attivit…","Prossima esecuzione","Stato","Modalit… accesso","Ultima esecuzione","Ultimo esito","Autore","Attivit… da eseguire","Avvio in","Commento","Stato attivit… pianificata","Tempo di inattivit…","Risparmio energia","Esegui come utente","Elimina l'attivit… se non ripianificata","Interrompi l'attivit… se Š in esecuzione da X ore e X minuti","Pianificazione","Tipo di pianificazione","Ora di avvio","Data di avvio","Data di fine","giorni","mesi","Ripeti: Ogni","Ripeti: Fino a: Ora","Ripeti: Fino a: Durata","Ripeti: Interrompi se ancora in esecuzione"
"NAGATO272","\Microsoft\Windows\Maps\MapsToastTask","N/D","Pronta","Interattivo/Background","30/11/1999 00:00:00","267011","Microsoft Corporation","Gestore COM","N/D","This task shows various Map related toasts","Abilitata","Disabilitata","","INTERACTIVE","Disabilitata","00:00:05","Dati di pianificazione non disponibili in questo formato.","Solo su richiesta","N/D","N/D","N/D","N/D","N/D","N/D","N/D","N/D","N/D"
"NAGATO272","\Microsoft\Windows\Maps\MapsUpdateTask","N/D","Disabilitato","Interattivo/Background","30/11/1999 00:00:00","267011","Microsoft Corporation","Gestore COM","N/D","Questa attivit… controlla se sono disponibili aggiornamenti per le mappe scaricate per l'utilizzo offline. Se si disabilita questa attivit…, non sar… pi— possibile ricevere automaticamente notifica delle mappe aggiornate.","Disabilitata","Disabilitata","Interrompi in modalit… di alimentazione a batterie, Non avviare se il sistema Š alimentato a batterie","SERVIZIO DI RETE","Disabilitata","00:00:40","Dati di pianificazione non disponibili in questo formato.","Una sola volta, Ogni ora ","00:00:00","21/10/2014","N/D","N/D","N/D","24 ora/e, 0 minuto/i","Nessuno","Disabilitata","Disabilitata"
"Nome host","Nome attivit…","Prossima esecuzione","Stato","Modalit… accesso","Ultima esecuzione","Ultimo esito","Autore","Attivit… da eseguire","Avvio in","Commento","Stato attivit… pianificata","Tempo di inattivit…","Risparmio energia","Esegui come utente","Elimina l'attivit… se non ripianificata","Interrompi l'attivit… se Š in esecuzione da X ore e X minuti","Pianificazione","Tipo di pianificazione","Ora di avvio","Data di avvio","Data di fine","giorni","mesi","Ripeti: Ogni","Ripeti: Fino a: Ora","Ripeti: Fino a: Durata","Ripeti: Interrompi se ancora in esecuzione"
"NAGATO272","\Microsoft\Windows\MemoryDiagnostic\ProcessMemoryDiagnosticEvents","N/D","Pronta","Interattivo/Background","03/10/2024 21:11:08","-2147020576","Microsoft Corporation","Gestore COM","N/D","Consente di pianificare un'attivit… di diagnostica della memoria per gli eventi del sistema.","Abilitata","Avvia solo se inattivo da  minuti, Se non inattivo riprova per  minuti Interrompi l'operazione se lo stato di inattivit… termina","Interrompi in modalit… di alimentazione a batterie, Non avviare se il sistema Š alimentato a batterie","Administrators","Disabilitata","02:00:00","Dati di pianificazione non disponibili in questo formato.","Quando si verifica un evento","N/D","N/D","N/D","N/D","N/D","N/D","N/D","N/D","N/D"
"NAGATO272","\Microsoft\Windows\MemoryDiagnostic\ProcessMemoryDiagnosticEvents","N/D","Pronta","Interattivo/Background","03/10/2024 21:11:08","-2147020576","Microsoft Corporation","Gestore COM","N/D","Consente di pianificare un'attivit… di diagnostica della memoria per gli eventi del sistema.","Abilitata","Avvia solo se inattivo da  minuti, Se non inattivo riprova per  minuti Interrompi l'operazione se lo stato di inattivit… termina","Interrompi in modalit… di alimentazione a batterie, Non avviare se il sistema Š alimentato a batterie","Administrators","Disabilitata","02:00:00","Dati di pianificazione non disponibili in questo formato.","Quando si verifica un evento","N/D","N/D","N/D","N/D","N/D","N/D","N/D","N/D","N/D"
"NAGATO272","\Microsoft\Windows\MemoryDiagnostic\ProcessMemoryDiagnosticEvents","N/D","Pronta","Interattivo/Background","03/10/2024 21:11:08","-2147020576","Microsoft Corporation","Gestore COM","N/D","Consente di pianificare un'attivit… di diagnostica della memoria per gli eventi del sistema.","Abilitata","Avvia solo se inattivo da  minuti, Se non inattivo riprova per  minuti Interrompi l'operazione se lo stato di inattivit… termina","Interrompi in modalit… di alimentazione a batterie, Non avviare se il sistema Š alimentato a batterie","Administrators","Disabilitata","02:00:00","Dati di pianificazione non disponibili in questo formato.","Quando si verifica un evento","N/D","N/D","N/D","N/D","N/D","N/D","N/D","N/D","N/D"
"NAGATO272","\Microsoft\Windows\MemoryDiagnostic\ProcessMemoryDiagnosticEvents","N/D","Pronta","Interattivo/Background","03/10/2024 21:11:08","-2147020576","Microsoft Corporation","Gestore COM","N/D","Consente di pianificare un'attivit… di diagnostica della memoria per gli eventi del sistema.","Abilitata","Avvia solo se inattivo da  minuti, Se non inattivo riprova per  minuti Interrompi l'operazione se lo stato di inattivit… termina","Interrompi in modalit… di alimentazione a batterie, Non avviare se il sistema Š alimentato a batterie","Administrators","Disabilitata","02:00:00","Dati di pianificazione non disponibili in questo formato.","Quando si verifica un evento","N/D","N/D","N/D","N/D","N/D","N/D","N/D","N/D","N/D"
"NAGATO272","\Microsoft\Windows\MemoryDiagnostic\RunFullMemoryDiagnostic","N/D","Disabilitato","Interattivo/Background","30/11/1999 00:00:00","267011","Microsoft Corporation","Gestore COM","N/D","Consente di rilevare e attenuare i problemi della memoria fisica (RAM).","Disabilitata","Avvia solo se inattivo da  minuti, Se non inattivo riprova per  minuti Interrompi l'operazione se lo stato di inattivit… termina","Interrompi in modalit… di alimentazione a batterie, Non avviare se il sistema Š alimentato a batterie","Administrators","Disabilitata","02:00:00","Dati di pianificazione non disponibili in questo formato.","Solo su richiesta","N/D","N/D","N/D","N/D","N/D","N/D","N/D","N/D","N/D"
"Nome host","Nome attivit…","Prossima esecuzione","Stato","Modalit… accesso","Ultima esecuzione","Ultimo esito","Autore","Attivit… da eseguire","Avvio in","Commento","Stato attivit… pianificata","Tempo di inattivit…","Risparmio energia","Esegui come utente","Elimina l'attivit… se non ripianificata","Interrompi l'attivit… se Š in esecuzione da X ore e X minuti","Pianificazione","Tipo di pianificazione","Ora di avvio","Data di avvio","Data di fine","giorni","mesi","Ripeti: Ogni","Ripeti: Fino a: Ora","Ripeti: Fino a: Durata","Ripeti: Interrompi se ancora in esecuzione"
"NAGATO272","\Microsoft\Windows\MUI\Lpksetup","N/D","Pronta","Interattivo/Background","30/09/2024 22:06:36","0","Microsoft Corporation","C:\Windows\System32\lpksetup.exe -v","N/D","N/D","Abilitata","Disabilitata","","SYSTEM","Disabilitata","72:00:00","Dati di pianificazione non disponibili in questo formato.","All'avvio del sistema","N/D","N/D","N/D","N/D","N/D","N/D","N/D","N/D","N/D"
"NAGATO272","\Microsoft\Windows\MUI\LPRemove","N/D","Pronta","Interattivo/Background","03/10/2024 20:46:01","0","Microsoft Corporation","%windir%\system32\lpremove.exe ","N/D","Avvia strumento di pulizia Language Pack","Abilitata","Disabilitata","Interrompi in modalit… di alimentazione a batterie, Non avviare se il sistema Š alimentato a batterie","SYSTEM","Disabilitata","09:00:00","Dati di pianificazione non disponibili in questo formato.","Solo su richiesta","N/D","N/D","N/D","N/D","N/D","N/D","N/D","N/D","N/D"
"NAGATO272","\Microsoft\Windows\MUI\Mcbuilder","N/D","Pronta","Interattivo/Background","28/06/2024 16:30:40","0","Microsoft Corporation","C:\Windows\System32\mcbuilder.exe ","N/D","N/D","Abilitata","Disabilitata","","SYSTEM","Disabilitata","72:00:00","Dati di pianificazione non disponibili in questo formato.","All'avvio del sistema","N/D","N/D","N/D","N/D","N/D","N/D","N/D","N/D","N/D"
"Nome host","Nome attivit…","Prossima esecuzione","Stato","Modalit… accesso","Ultima esecuzione","Ultimo esito","Autore","Attivit… da eseguire","Avvio in","Commento","Stato attivit… pianificata","Tempo di inattivit…","Risparmio energia","Esegui come utente","Elimina l'attivit… se non ripianificata","Interrompi l'attivit… se Š in esecuzione da X ore e X minuti","Pianificazione","Tipo di pianificazione","Ora di avvio","Data di avvio","Data di fine","giorni","mesi","Ripeti: Ogni","Ripeti: Fino a: Ora","Ripeti: Fino a: Durata","Ripeti: Interrompi se ancora in esecuzione"
"NAGATO272","\Microsoft\Windows\Multimedia\SystemSoundsService","N/D","In esecuzione","Interattivo/Background","03/10/2024 15:34:21","267009","N/D","Gestore COM","N/D","Agente modalit… utente segnali acustici emessi dal sistema","Abilitata","Disabilitata","","Users","Disabilitata","Disabilitata","Dati di pianificazione non disponibili in questo formato.","All'accesso","N/D","N/D","N/D","N/D","N/D","N/D","N/D","N/D","N/D"
"Nome host","Nome attivit…","Prossima esecuzione","Stato","Modalit… accesso","Ultima esecuzione","Ultimo esito","Autore","Attivit… da eseguire","Avvio in","Commento","Stato attivit… pianificata","Tempo di inattivit…","Risparmio energia","Esegui come utente","Elimina l'attivit… se non ripianificata","Interrompi l'attivit… se Š in esecuzione da X ore e X minuti","Pianificazione","Tipo di pianificazione","Ora di avvio","Data di avvio","Data di fine","giorni","mesi","Ripeti: Ogni","Ripeti: Fino a: Ora","Ripeti: Fino a: Durata","Ripeti: Interrompi se ancora in esecuzione"
"NAGATO272","\Microsoft\Windows\NetTrace\GatherNetworkInfo","N/D","Pronta","Interattivo/Background","30/11/1999 00:00:00","267011","Microsoft","%windir%\system32\gatherNetworkInfo.vbs ","$(Arg1)","Agente di raccolta informazioni di rete","Abilitata","Disabilitata","Interrompi in modalit… di alimentazione a batterie","Users","Disabilitata","72:00:00","Dati di pianificazione non disponibili in questo formato.","Solo su richiesta","N/D","N/D","N/D","N/D","N/D","N/D","N/D","N/D","N/D"
"Nome host","Nome attivit…","Prossima esecuzione","Stato","Modalit… accesso","Ultima esecuzione","Ultimo esito","Autore","Attivit… da eseguire","Avvio in","Commento","Stato attivit… pianificata","Tempo di inattivit…","Risparmio energia","Esegui come utente","Elimina l'attivit… se non ripianificata","Interrompi l'attivit… se Š in esecuzione da X ore e X minuti","Pianificazione","Tipo di pianificazione","Ora di avvio","Data di avvio","Data di fine","giorni","mesi","Ripeti: Ogni","Ripeti: Fino a: Ora","Ripeti: Fino a: Durata","Ripeti: Interrompi se ancora in esecuzione"
"NAGATO272","\Microsoft\Windows\NlaSvc\WiFiTask","N/D","Pronta","Interattivo/Background","30/11/1999 00:00:00","267011","Microsoft Corporation","%SystemRoot%\System32\WiFiTask.exe nla","N/D","Attivit… in background per l'esecuzione di interazioni per utente e Web","Abilitata","Disabilitata","","INTERACTIVE","Disabilitata","00:10:00","Dati di pianificazione non disponibili in questo formato.","Non definito","N/D","N/D","N/D","N/D","N/D","N/D","N/D","N/D","N/D"
"Nome host","Nome attivit…","Prossima esecuzione","Stato","Modalit… accesso","Ultima esecuzione","Ultimo esito","Autore","Attivit… da eseguire","Avvio in","Commento","Stato attivit… pianificata","Tempo di inattivit…","Risparmio energia","Esegui come utente","Elimina l'attivit… se non ripianificata","Interrompi l'attivit… se Š in esecuzione da X ore e X minuti","Pianificazione","Tipo di pianificazione","Ora di avvio","Data di avvio","Data di fine","giorni","mesi","Ripeti: Ogni","Ripeti: Fino a: Ora","Ripeti: Fino a: Durata","Ripeti: Interrompi se ancora in esecuzione"
"NAGATO272","\Microsoft\Windows\Offline Files\Background Synchronization","N/D","Disabilitato","Interattivo/Background","30/11/1999 00:00:00","267011","Microsoft Corporation","Gestore COM","N/D","Questa attivit… consente di controllare la sincronizzazione periodica dei file offline quando si utilizza la modalit… offline.","Disabilitata","Disabilitata","","Authenticated Users","Disabilitata","24:00:00","Dati di pianificazione non disponibili in questo formato.","Una sola volta, Ogni ora ","00:00:00","01/01/2008","N/D","N/D","N/D","2 ora/e, 0 minuto/i","Nessuno","Disabilitata","Disabilitata"
"NAGATO272","\Microsoft\Windows\Offline Files\Logon Synchronization","N/D","Disabilitato","Interattivo/Background","30/11/1999 00:00:00","267011","Microsoft Corporation","Gestore COM","N/D","Questa attivit… consente di avviare la sincronizzazione dei file offline quando un utente accede al sistema.","Disabilitata","Disabilitata","Interrompi in modalit… di alimentazione a batterie, Non avviare se il sistema Š alimentato a batterie","Authenticated Users","Disabilitata","24:00:00","Dati di pianificazione non disponibili in questo formato.","All'accesso","N/D","N/D","N/D","N/D","N/D","N/D","N/D","N/D","N/D"
"Nome host","Nome attivit…","Prossima esecuzione","Stato","Modalit… accesso","Ultima esecuzione","Ultimo esito","Autore","Attivit… da eseguire","Avvio in","Commento","Stato attivit… pianificata","Tempo di inattivit…","Risparmio energia","Esegui come utente","Elimina l'attivit… se non ripianificata","Interrompi l'attivit… se Š in esecuzione da X ore e X minuti","Pianificazione","Tipo di pianificazione","Ora di avvio","Data di avvio","Data di fine","giorni","mesi","Ripeti: Ogni","Ripeti: Fino a: Ora","Ripeti: Fino a: Durata","Ripeti: Interrompi se ancora in esecuzione"
"NAGATO272","\Microsoft\Windows\PI\SecureBootEncodeUEFI","01/01/2026 12:00:00","Pronta","Interattivo/Background","30/09/2024 22:11:37","0","N/D","%WINDIR%\system32\SecureBootEncodeUEFI.exe ","N/D","N/D","Abilitata","Disabilitata","","SYSTEM","Disabilitata","00:00:10","Dati di pianificazione non disponibili in questo formato.","All'avvio del sistema","N/D","N/D","N/D","N/D","N/D","N/D","N/D","N/D","N/D"
"NAGATO272","\Microsoft\Windows\PI\SecureBootEncodeUEFI","01/01/2026 12:00:00","Pronta","Interattivo/Background","30/09/2024 22:11:37","0","N/D","%WINDIR%\system32\SecureBootEncodeUEFI.exe ","N/D","N/D","Abilitata","Disabilitata","","SYSTEM","Disabilitata","00:00:10","Dati di pianificazione non disponibili in questo formato.","All'avvio del sistema","N/D","N/D","N/D","N/D","N/D","N/D","N/D","N/D","N/D"
"NAGATO272","\Microsoft\Windows\PI\SecureBootEncodeUEFI","01/01/2026 12:00:00","Pronta","Interattivo/Background","30/09/2024 22:11:37","0","N/D","%WINDIR%\system32\SecureBootEncodeUEFI.exe ","N/D","N/D","Abilitata","Disabilitata","","SYSTEM","Disabilitata","00:00:10","Dati di pianificazione non disponibili in questo formato.","Ogni mese","12:00:00","31/12/2025","N/D","01, 15","Ogni mese","Disabilitata","Disabilitata","Disabilitata","Disabilitata"
"Nome host","Nome attivit…","Prossima esecuzione","Stato","Modalit… accesso","Ultima esecuzione","Ultimo esito","Autore","Attivit… da eseguire","Avvio in","Commento","Stato attivit… pianificata","Tempo di inattivit…","Risparmio energia","Esegui come utente","Elimina l'attivit… se non ripianificata","Interrompi l'attivit… se Š in esecuzione da X ore e X minuti","Pianificazione","Tipo di pianificazione","Ora di avvio","Data di avvio","Data di fine","giorni","mesi","Ripeti: Ogni","Ripeti: Fino a: Ora","Ripeti: Fino a: Durata","Ripeti: Interrompi se ancora in esecuzione"
"Nome host","Nome attivit…","Prossima esecuzione","Stato","Modalit… accesso","Ultima esecuzione","Ultimo esito","Autore","Attivit… da eseguire","Avvio in","Commento","Stato attivit… pianificata","Tempo di inattivit…","Risparmio energia","Esegui come utente","Elimina l'attivit… se non ripianificata","Interrompi l'attivit… se Š in esecuzione da X ore e X minuti","Pianificazione","Tipo di pianificazione","Ora di avvio","Data di avvio","Data di fine","giorni","mesi","Ripeti: Ogni","Ripeti: Fino a: Ora","Ripeti: Fino a: Durata","Ripeti: Interrompi se ancora in esecuzione"
"NAGATO272","\Microsoft\Windows\Plug and Play\Device Install Group Policy","N/D","Pronta","Interattivo/Background","30/11/1999 00:00:00","267011","Microsoft Corporation","Gestore COM","N/D","Gestore delle modifiche dei criteri di gruppo dell'installazione dei dispositivi","Abilitata","Disabilitata","","SYSTEM","Disabilitata","24:00:00","Dati di pianificazione non disponibili in questo formato.","Non definito","N/D","N/D","N/D","N/D","N/D","N/D","N/D","N/D","N/D"
"NAGATO272","\Microsoft\Windows\Plug and Play\Device Install Reboot Required","N/D","Pronta","Interattivo/Background","03/10/2024 15:34:21","0","Microsoft Corporation","Gestore COM","N/D","Notifica all'utente che Š necessario riavviare Windows per completare la configurazione di un dispositivo.","Abilitata","Disabilitata","","INTERACTIVE","Disabilitata","72:00:00","Dati di pianificazione non disponibili in questo formato.","Non definito","N/D","N/D","N/D","N/D","N/D","N/D","N/D","N/D","N/D"
"NAGATO272","\Microsoft\Windows\Plug and Play\Device Install Reboot Required","N/D","Pronta","Interattivo/Background","03/10/2024 15:34:21","0","Microsoft Corporation","Gestore COM","N/D","Notifica all'utente che Š necessario riavviare Windows per completare la configurazione di un dispositivo.","Abilitata","Disabilitata","","INTERACTIVE","Disabilitata","72:00:00","Dati di pianificazione non disponibili in questo formato.","All'accesso","N/D","N/D","N/D","N/D","N/D","N/D","N/D","N/D","N/D"
"NAGATO272","\Microsoft\Windows\Plug and Play\Sysprep Generalize Drivers","N/D","Pronta","Interattivo/Background","30/11/1999 00:00:00","267011","Microsoft Corporation","%SystemRoot%\System32\drvinst.exe 6","N/D","Generalizza lo stato dei driver per preparare il sistema in modo che risulti avviabile con qualsiasi configurazione hardware.","Abilitata","Disabilitata","","SYSTEM","Disabilitata","72:00:00","Dati di pianificazione non disponibili in questo formato.","Solo su richiesta","N/D","N/D","N/D","N/D","N/D","N/D","N/D","N/D","N/D"
"Nome host","Nome attivit…","Prossima esecuzione","Stato","Modalit… accesso","Ultima esecuzione","Ultimo esito","Autore","Attivit… da eseguire","Avvio in","Commento","Stato attivit… pianificata","Tempo di inattivit…","Risparmio energia","Esegui come utente","Elimina l'attivit… se non ripianificata","Interrompi l'attivit… se Š in esecuzione da X ore e X minuti","Pianificazione","Tipo di pianificazione","Ora di avvio","Data di avvio","Data di fine","giorni","mesi","Ripeti: Ogni","Ripeti: Fino a: Ora","Ripeti: Fino a: Durata","Ripeti: Interrompi se ancora in esecuzione"
"NAGATO272","\Microsoft\Windows\Power Efficiency Diagnostics\AnalyzeSystem","N/D","Pronta","Interattivo/Background","03/10/2024 20:46:16","-2147024726","Microsoft Corporation","Gestore COM","N/D","Questa attivit… consente di analizzare il sistema cercando le condizioni che possono causare un utilizzo di energia elevato.","Abilitata","Disabilitata","","SYSTEM","Disabilitata","00:05:00","Dati di pianificazione non disponibili in questo formato.","Solo su richiesta","N/D","N/D","N/D","N/D","N/D","N/D","N/D","N/D","N/D"
"Nome host","Nome attivit…","Prossima esecuzione","Stato","Modalit… accesso","Ultima esecuzione","Ultimo esito","Autore","Attivit… da eseguire","Avvio in","Commento","Stato attivit… pianificata","Tempo di inattivit…","Risparmio energia","Esegui come utente","Elimina l'attivit… se non ripianificata","Interrompi l'attivit… se Š in esecuzione da X ore e X minuti","Pianificazione","Tipo di pianificazione","Ora di avvio","Data di avvio","Data di fine","giorni","mesi","Ripeti: Ogni","Ripeti: Fino a: Ora","Ripeti: Fino a: Durata","Ripeti: Interrompi se ancora in esecuzione"
"NAGATO272","\Microsoft\Windows\Printing\EduPrintProv","N/D","Pronta","Interattivo/Background","30/11/1999 00:00:00","267011","N/D","%windir%\system32\eduprintprov.exe ","N/D","N/D","Abilitata","Disabilitata","","INTERACTIVE","Disabilitata","72:00:00","Dati di pianificazione non disponibili in questo formato.","Non definito","N/D","N/D","N/D","N/D","N/D","N/D","N/D","N/D","N/D"
"NAGATO272","\Microsoft\Windows\Printing\PrinterCleanupTask","06/10/2024 12:00:00","Pronta","Interattivo/Background","06/09/2024 12:00:01","0","N/D","Gestore COM","N/D","N/D","Abilitata","Disabilitata","Interrompi in modalit… di alimentazione a batterie, Non avviare se il sistema Š alimentato a batterie","INTERACTIVE","Disabilitata","72:00:00","Dati di pianificazione non disponibili in questo formato.","Ogni giorno ","12:00:00","01/01/2020","N/D","Ogni 30 giorni","N/D","Disabilitata","Disabilitata","Disabilitata","Disabilitata"
"NAGATO272","\Microsoft\Windows\Printing\PrintJobCleanupTask","N/D","Disabilitato","Interattivo/Background","05/07/2024 19:00:33","0","N/D","Gestore COM","N/D","N/D","Disabilitata","Disabilitata","Interrompi in modalit… di alimentazione a batterie, Non avviare se il sistema Š alimentato a batterie","INTERACTIVE","Disabilitata","72:00:00","Dati di pianificazione non disponibili in questo formato.","Ogni giorno ","12:00:00","01/01/2021","N/D","Ogni 7 giorni","N/D","Disabilitata","Disabilitata","Disabilitata","Disabilitata"
"Nome host","Nome attivit…","Prossima esecuzione","Stato","Modalit… accesso","Ultima esecuzione","Ultimo esito","Autore","Attivit… da eseguire","Avvio in","Commento","Stato attivit… pianificata","Tempo di inattivit…","Risparmio energia","Esegui come utente","Elimina l'attivit… se non ripianificata","Interrompi l'attivit… se Š in esecuzione da X ore e X minuti","Pianificazione","Tipo di pianificazione","Ora di avvio","Data di avvio","Data di fine","giorni","mesi","Ripeti: Ogni","Ripeti: Fino a: Ora","Ripeti: Fino a: Durata","Ripeti: Interrompi se ancora in esecuzione"
"NAGATO272","\Microsoft\Windows\RecoveryEnvironment\VerifyWinRE","N/D","Disabilitato","Interattivo/Background","28/06/2024 16:22:09","0","Microsoft Corporation","Gestore COM","N/D","Convalida Ambiente ripristino Windows.","Disabilitata","Avvia solo se inattivo da  minuti, Se non inattivo riprova per  minuti","Non avviare se il sistema Š alimentato a batterie","Administrators","Disabilitata","01:00:00","Dati di pianificazione non disponibili in questo formato.","Solo su richiesta","N/D","N/D","N/D","N/D","N/D","N/D","N/D","N/D","N/D"
"Nome host","Nome attivit…","Prossima esecuzione","Stato","Modalit… accesso","Ultima esecuzione","Ultimo esito","Autore","Attivit… da eseguire","Avvio in","Commento","Stato attivit… pianificata","Tempo di inattivit…","Risparmio energia","Esegui come utente","Elimina l'attivit… se non ripianificata","Interrompi l'attivit… se Š in esecuzione da X ore e X minuti","Pianificazione","Tipo di pianificazione","Ora di avvio","Data di avvio","Data di fine","giorni","mesi","Ripeti: Ogni","Ripeti: Fino a: Ora","Ripeti: Fino a: Durata","Ripeti: Interrompi se ancora in esecuzione"
"NAGATO272","\Microsoft\Windows\Registry\RegIdleBackup","N/D","Pronta","Interattivo/Background","28/09/2024 18:52:17","0","Microsoft Corporation","Gestore COM","N/D","Attivit… di backup inattivit… Registro di sistema","Abilitata","Disabilitata","Non avviare se il sistema Š alimentato a batterie","SYSTEM","Disabilitata","Disabilitata","Dati di pianificazione non disponibili in questo formato.","Solo su richiesta","N/D","N/D","N/D","N/D","N/D","N/D","N/D","N/D","N/D"
"Nome host","Nome attivit…","Prossima esecuzione","Stato","Modalit… accesso","Ultima esecuzione","Ultimo esito","Autore","Attivit… da eseguire","Avvio in","Commento","Stato attivit… pianificata","Tempo di inattivit…","Risparmio energia","Esegui come utente","Elimina l'attivit… se non ripianificata","Interrompi l'attivit… se Š in esecuzione da X ore e X minuti","Pianificazione","Tipo di pianificazione","Ora di avvio","Data di avvio","Data di fine","giorni","mesi","Ripeti: Ogni","Ripeti: Fino a: Ora","Ripeti: Fino a: Durata","Ripeti: Interrompi se ancora in esecuzione"
"Nome host","Nome attivit…","Prossima esecuzione","Stato","Modalit… accesso","Ultima esecuzione","Ultimo esito","Autore","Attivit… da eseguire","Avvio in","Commento","Stato attivit… pianificata","Tempo di inattivit…","Risparmio energia","Esegui come utente","Elimina l'attivit… se non ripianificata","Interrompi l'attivit… se Š in esecuzione da X ore e X minuti","Pianificazione","Tipo di pianificazione","Ora di avvio","Data di avvio","Data di fine","giorni","mesi","Ripeti: Ogni","Ripeti: Fino a: Ora","Ripeti: Fino a: Durata","Ripeti: Interrompi se ancora in esecuzione"
"NAGATO272","\Microsoft\Windows\Security\Pwdless\IntelligentPwdlessTask","04/10/2024 03:00:00","Pronta","Interattivo/Background","03/10/2024 20:46:01","0","$(@%SystemRoot%\system32\IntelligentPwdlessTask.dll,-100)","Gestore COM","N/D","$(@%SystemRoot%\system32\IntelligentPwdlessTask.dll,-102)","Abilitata","Disabilitata","","SYSTEM","Disabilitata","00:10:00","Dati di pianificazione non disponibili in questo formato.","Ogni giorno ","03:00:00","01/08/2021","N/D","Ogni 1 giorni","N/D","Disabilitata","Disabilitata","Disabilitata","Disabilitata"
"Nome host","Nome attivit…","Prossima esecuzione","Stato","Modalit… accesso","Ultima esecuzione","Ultimo esito","Autore","Attivit… da eseguire","Avvio in","Commento","Stato attivit… pianificata","Tempo di inattivit…","Risparmio energia","Esegui come utente","Elimina l'attivit… se non ripianificata","Interrompi l'attivit… se Š in esecuzione da X ore e X minuti","Pianificazione","Tipo di pianificazione","Ora di avvio","Data di avvio","Data di fine","giorni","mesi","Ripeti: Ogni","Ripeti: Fino a: Ora","Ripeti: Fino a: Durata","Ripeti: Interrompi se ancora in esecuzione"
"NAGATO272","\Microsoft\Windows\Servicing\StartComponentCleanup","N/D","Pronta","Interattivo/Background","01/10/2024 19:22:27","0","N/D","Gestore COM","N/D","N/D","Abilitata","Disabilitata","Interrompi in modalit… di alimentazione a batterie, Non avviare se il sistema Š alimentato a batterie","SYSTEM","Disabilitata","01:00:00","Dati di pianificazione non disponibili in questo formato.","Solo su richiesta","N/D","N/D","N/D","N/D","N/D","N/D","N/D","N/D","N/D"
"Nome host","Nome attivit…","Prossima esecuzione","Stato","Modalit… accesso","Ultima esecuzione","Ultimo esito","Autore","Attivit… da eseguire","Avvio in","Commento","Stato attivit… pianificata","Tempo di inattivit…","Risparmio energia","Esegui come utente","Elimina l'attivit… se non ripianificata","Interrompi l'attivit… se Š in esecuzione da X ore e X minuti","Pianificazione","Tipo di pianificazione","Ora di avvio","Data di avvio","Data di fine","giorni","mesi","Ripeti: Ogni","Ripeti: Fino a: Ora","Ripeti: Fino a: Durata","Ripeti: Interrompi se ancora in esecuzione"
"NAGATO272","\Microsoft\Windows\SharedPC\Account Cleanup","N/D","Disabilitato","Interattivo/Background","30/11/1999 00:00:00","267011","N/D","%windir%\System32\rundll32.exe %windir%\System32\Windows.SharedPC.AccountManager.dll,StartMaintenance","N/D","N/D","Disabilitata","Avvia solo se inattivo da  minuti, Se non inattivo riprova per  minuti Interrompi l'operazione se lo stato di inattivit… termina","Interrompi in modalit… di alimentazione a batterie, Non avviare se il sistema Š alimentato a batterie","SYSTEM","Disabilitata","00:30:00","Dati di pianificazione non disponibili in questo formato.","Solo su richiesta","N/D","N/D","N/D","N/D","N/D","N/D","N/D","N/D","N/D"
"Nome host","Nome attivit…","Prossima esecuzione","Stato","Modalit… accesso","Ultima esecuzione","Ultimo esito","Autore","Attivit… da eseguire","Avvio in","Commento","Stato attivit… pianificata","Tempo di inattivit…","Risparmio energia","Esegui come utente","Elimina l'attivit… se non ripianificata","Interrompi l'attivit… se Š in esecuzione da X ore e X minuti","Pianificazione","Tipo di pianificazione","Ora di avvio","Data di avvio","Data di fine","giorni","mesi","Ripeti: Ogni","Ripeti: Fino a: Ora","Ripeti: Fino a: Durata","Ripeti: Interrompi se ancora in esecuzione"
"NAGATO272","\Microsoft\Windows\Shell\CreateObjectTask","N/D","Pronta","Interattivo/Background","30/09/2024 16:46:44","0","Microsoft Corporation","Gestore COM","N/D","Offre supporto per i componenti della shell che accedono ai dati di sistema","Abilitata","Disabilitata","","SYSTEM","Disabilitata","00:00:30","Dati di pianificazione non disponibili in questo formato.","Solo su richiesta","N/D","N/D","N/D","N/D","N/D","N/D","N/D","N/D","N/D"
"NAGATO272","\Microsoft\Windows\Shell\FamilySafetyMonitor","N/D","Pronta","Interattivo/Background","30/11/1999 00:00:00","267011","Microsoft Corporation","%windir%\System32\wpcmon.exe ","N/D","Inizializza il monitoraggio e l'applicazione di Family Safety.","Abilitata","Disabilitata","Interrompi in modalit… di alimentazione a batterie","SYSTEM","Disabilitata","00:10:00","Dati di pianificazione non disponibili in questo formato.","Solo su richiesta","N/D","N/D","N/D","N/D","N/D","N/D","N/D","N/D","N/D"
"NAGATO272","\Microsoft\Windows\Shell\FamilySafetyRefreshTask","N/D","Pronta","Interattivo/Background","30/11/1999 00:00:00","267011","Microsoft Corporation","Gestore COM","N/D","Sincronizza le impostazioni pi— recenti con il servizio delle funzionalit… per la famiglia di account Microsoft.","Abilitata","Disabilitata","","SYSTEM","Disabilitata","00:10:00","Dati di pianificazione non disponibili in questo formato.","Non definito","N/D","N/D","N/D","N/D","N/D","N/D","N/D","N/D","N/D"
"NAGATO272","\Microsoft\Windows\Shell\IndexerAutomaticMaintenance","N/D","Pronta","Interattivo/Background","03/10/2024 16:20:50","0","Microsoft Corporation","Gestore COM","N/D","Mantiene aggiornato l'indice di ricerca","Abilitata","Disabilitata","Interrompi in modalit… di alimentazione a batterie, Non avviare se il sistema Š alimentato a batterie","SERVIZIO LOCALE","Disabilitata","01:00:00","Dati di pianificazione non disponibili in questo formato.","Solo su richiesta","N/D","N/D","N/D","N/D","N/D","N/D","N/D","N/D","N/D"
"NAGATO272","\Microsoft\Windows\Shell\ThemesSyncedImageDownload","N/D","Pronta","Interattivo/Background","03/10/2024 20:46:01","-2147024713","Microsoft Corporation","Gestore COM","N/D","Scarica un backup delle immagini dei temi sincronizzate","Abilitata","Avvia solo se inattivo da 10 minuti, Se non inattivo riprova per 60 minuti","Interrompi in modalit… di alimentazione a batterie, Non avviare se il sistema Š alimentato a batterie","Users","Disabilitata","72:00:00","Dati di pianificazione non disponibili in questo formato.","Solo su richiesta","N/D","N/D","N/D","N/D","N/D","N/D","N/D","N/D","N/D"
"Nome host","Nome attivit…","Prossima esecuzione","Stato","Modalit… accesso","Ultima esecuzione","Ultimo esito","Autore","Attivit… da eseguire","Avvio in","Commento","Stato attivit… pianificata","Tempo di inattivit…","Risparmio energia","Esegui come utente","Elimina l'attivit… se non ripianificata","Interrompi l'attivit… se Š in esecuzione da X ore e X minuti","Pianificazione","Tipo di pianificazione","Ora di avvio","Data di avvio","Data di fine","giorni","mesi","Ripeti: Ogni","Ripeti: Fino a: Ora","Ripeti: Fino a: Durata","Ripeti: Interrompi se ancora in esecuzione"
"NAGATO272","\Microsoft\Windows\SoftwareProtectionPlatform\SvcRestartTaskLogon","N/D","Disabilitato","Interattivo/Background","28/06/2024 19:12:02","0","Microsoft Corporation","Gestore COM","N/D","Questa operazione esegue il riavvio del Servizio piattaforma protezione software all'accesso dell'utente","Disabilitata","Disabilitata","","INTERACTIVE","Disabilitata","Disabilitata","Dati di pianificazione non disponibili in questo formato.","All'accesso","N/D","N/D","N/D","N/D","N/D","N/D","N/D","N/D","N/D"
"Nome host","Nome attivit…","Prossima esecuzione","Stato","Modalit… accesso","Ultima esecuzione","Ultimo esito","Autore","Attivit… da eseguire","Avvio in","Commento","Stato attivit… pianificata","Tempo di inattivit…","Risparmio energia","Esegui come utente","Elimina l'attivit… se non ripianificata","Interrompi l'attivit… se Š in esecuzione da X ore e X minuti","Pianificazione","Tipo di pianificazione","Ora di avvio","Data di avvio","Data di fine","giorni","mesi","Ripeti: Ogni","Ripeti: Fino a: Ora","Ripeti: Fino a: Durata","Ripeti: Interrompi se ancora in esecuzione"
"NAGATO272","\Microsoft\Windows\SpacePort\SpaceAgentTask","N/D","Pronta","Interattivo/Background","30/11/1999 00:00:00","267011","Microsoft Corporation","%windir%\system32\SpaceAgent.exe ","N/D","Impostazioni di Spazi di archiviazione","Abilitata","Disabilitata","","SYSTEM","Disabilitata","06:00:00","Dati di pianificazione non disponibili in questo formato.","All'avvio del sistema","N/D","N/D","N/D","N/D","N/D","N/D","N/D","N/D","N/D"
"NAGATO272","\Microsoft\Windows\SpacePort\SpaceAgentTask","N/D","Pronta","Interattivo/Background","30/11/1999 00:00:00","267011","Microsoft Corporation","%windir%\system32\SpaceAgent.exe ","N/D","Impostazioni di Spazi di archiviazione","Abilitata","Disabilitata","","SYSTEM","Disabilitata","06:00:00","Dati di pianificazione non disponibili in questo formato.","Non definito","N/D","N/D","N/D","N/D","N/D","N/D","N/D","N/D","N/D"
"NAGATO272","\Microsoft\Windows\SpacePort\SpaceManagerTask","N/D","Pronta","Interattivo/Background","30/11/1999 00:00:00","267011","$(@%SystemRoot%\system32\spaceman.exe,-2)","%windir%\system32\spaceman.exe /Work","N/D","$(@%SystemRoot%\system32\spaceman.exe,-3)","Abilitata","Disabilitata","","SYSTEM","Disabilitata","Disabilitata","Dati di pianificazione non disponibili in questo formato.","All'avvio del sistema","N/D","N/D","N/D","N/D","N/D","N/D","N/D","N/D","N/D"
"NAGATO272","\Microsoft\Windows\SpacePort\SpaceManagerTask","N/D","Pronta","Interattivo/Background","30/11/1999 00:00:00","267011","$(@%SystemRoot%\system32\spaceman.exe,-2)","%windir%\system32\spaceman.exe /Work","N/D","$(@%SystemRoot%\system32\spaceman.exe,-3)","Abilitata","Disabilitata","","SYSTEM","Disabilitata","Disabilitata","Dati di pianificazione non disponibili in questo formato.","Non definito","N/D","N/D","N/D","N/D","N/D","N/D","N/D","N/D","N/D"
"Nome host","Nome attivit…","Prossima esecuzione","Stato","Modalit… accesso","Ultima esecuzione","Ultimo esito","Autore","Attivit… da eseguire","Avvio in","Commento","Stato attivit… pianificata","Tempo di inattivit…","Risparmio energia","Esegui come utente","Elimina l'attivit… se non ripianificata","Interrompi l'attivit… se Š in esecuzione da X ore e X minuti","Pianificazione","Tipo di pianificazione","Ora di avvio","Data di avvio","Data di fine","giorni","mesi","Ripeti: Ogni","Ripeti: Fino a: Ora","Ripeti: Fino a: Durata","Ripeti: Interrompi se ancora in esecuzione"
"NAGATO272","\Microsoft\Windows\StateRepository\MaintenanceTasks","N/D","Pronta","Interattivo/Background","03/10/2024 20:46:01","0","$(@%SystemRoot%\system32\Windows.StateRepositoryClient.dll,-600)","%windir%\system32\rundll32.exe %windir%\system32\Windows.StateRepositoryClient.dll,StateRepositoryDoMaintenanceTasks","N/D","$(@%SystemRoot%\system32\Windows.StateRepositoryClient.dll,-602)","Abilitata","Disabilitata","","SYSTEM","Disabilitata","72:00:00","Dati di pianificazione non disponibili in questo formato.","Solo su richiesta","N/D","N/D","N/D","N/D","N/D","N/D","N/D","N/D","N/D"
"Nome host","Nome attivit…","Prossima esecuzione","Stato","Modalit… accesso","Ultima esecuzione","Ultimo esito","Autore","Attivit… da eseguire","Avvio in","Commento","Stato attivit… pianificata","Tempo di inattivit…","Risparmio energia","Esegui come utente","Elimina l'attivit… se non ripianificata","Interrompi l'attivit… se Š in esecuzione da X ore e X minuti","Pianificazione","Tipo di pianificazione","Ora di avvio","Data di avvio","Data di fine","giorni","mesi","Ripeti: Ogni","Ripeti: Fino a: Ora","Ripeti: Fino a: Durata","Ripeti: Interrompi se ancora in esecuzione"
"NAGATO272","\Microsoft\Windows\Storage Tiers Management\Storage Tiers Management Initialization","N/D","Pronta","Interattivo/Background","30/11/1999 00:00:00","267011","Microsoft Corporation","Gestore COM","N/D","Inizializza il servizio di gestione dei livelli di archiviazione quando il primo spazio di archiviazione suddiviso in livelli viene rilevato nel sistema. Non rimuovere o modificare quest'attivit….","Abilitata","Disabilitata","","SYSTEM","Disabilitata","Disabilitata","Dati di pianificazione non disponibili in questo formato.","Non definito","N/D","N/D","N/D","N/D","N/D","N/D","N/D","N/D","N/D"
"NAGATO272","\Microsoft\Windows\Storage Tiers Management\Storage Tiers Optimization","N/D","Disabilitato","Interattivo/Background","30/11/1999 00:00:00","267011","Microsoft Corporation","%windir%\system32\defrag.exe -c -h -g -# -m 8 -i 13500","N/D","Ottimizza il posizionamento dei dati nei livelli degli spazi di archiviazione suddivisi in livelli nel sistema.","Disabilitata","Disabilitata","","SYSTEM","Disabilitata","72:00:00","Dati di pianificazione non disponibili in questo formato.","Una sola volta, Ogni ora ","01:00:00","01/01/2013","N/D","N/D","N/D","4 ora/e, 0 minuto/i","Nessuno","Disabilitata","Disabilitata"
"Nome host","Nome attivit…","Prossima esecuzione","Stato","Modalit… accesso","Ultima esecuzione","Ultimo esito","Autore","Attivit… da eseguire","Avvio in","Commento","Stato attivit… pianificata","Tempo di inattivit…","Risparmio energia","Esegui come utente","Elimina l'attivit… se non ripianificata","Interrompi l'attivit… se Š in esecuzione da X ore e X minuti","Pianificazione","Tipo di pianificazione","Ora di avvio","Data di avvio","Data di fine","giorni","mesi","Ripeti: Ogni","Ripeti: Fino a: Ora","Ripeti: Fino a: Durata","Ripeti: Interrompi se ancora in esecuzione"
"NAGATO272","\Microsoft\Windows\Subscription\EnableLicenseAcquisition","N/D","Pronta","Interattivo/Background","30/09/2024 22:06:37","0","Microsoft Corporation","%SystemRoot%\system32\ClipRenew.exe -e","N/D","Enable susbscription license acquisition","Abilitata","Disabilitata","","SYSTEM","Disabilitata","Disabilitata","Dati di pianificazione non disponibili in questo formato.","Quando si verifica un evento","N/D","N/D","N/D","N/D","N/D","N/D","N/D","N/D","N/D"
"NAGATO272","\Microsoft\Windows\Subscription\EnableLicenseAcquisition","N/D","Pronta","Interattivo/Background","30/09/2024 22:06:37","0","Microsoft Corporation","%SystemRoot%\system32\ClipRenew.exe -e","N/D","Enable susbscription license acquisition","Abilitata","Disabilitata","","SYSTEM","Disabilitata","Disabilitata","Dati di pianificazione non disponibili in questo formato.","Quando si verifica un evento","N/D","N/D","N/D","N/D","N/D","N/D","N/D","N/D","N/D"
"NAGATO272","\Microsoft\Windows\Subscription\EnableLicenseAcquisition","N/D","Pronta","Interattivo/Background","30/09/2024 22:06:37","0","Microsoft Corporation","%SystemRoot%\system32\ClipRenew.exe -e","N/D","Enable susbscription license acquisition","Abilitata","Disabilitata","","SYSTEM","Disabilitata","Disabilitata","Dati di pianificazione non disponibili in questo formato.","Non definito","N/D","N/D","N/D","N/D","N/D","N/D","N/D","N/D","N/D"
"NAGATO272","\Microsoft\Windows\Subscription\LicenseAcquisition","N/D","Disabilitato","Interattivo/Background","30/11/1999 00:00:00","267011","Microsoft Corporation","%SystemRoot%\system32\ClipRenew.exe ","N/D","Susbscription license acquisition","Disabilitata","Disabilitata","","INTERACTIVE","Disabilitata","Disabilitata","Dati di pianificazione non disponibili in questo formato.","Ogni giorno ","02:00:00","01/01/2016","N/D","Ogni 1 giorni","N/D","Disabilitata","Disabilitata","Disabilitata","Disabilitata"
"NAGATO272","\Microsoft\Windows\Subscription\LicenseAcquisition","N/D","Disabilitato","Interattivo/Background","30/11/1999 00:00:00","267011","Microsoft Corporation","%SystemRoot%\system32\ClipRenew.exe ","N/D","Susbscription license acquisition","Disabilitata","Disabilitata","","INTERACTIVE","Disabilitata","Disabilitata","Dati di pianificazione non disponibili in questo formato.","All'avvio del sistema","N/D","N/D","N/D","N/D","N/D","N/D","N/D","N/D","N/D"
"NAGATO272","\Microsoft\Windows\Subscription\LicenseAcquisition","N/D","Disabilitato","Interattivo/Background","30/11/1999 00:00:00","267011","Microsoft Corporation","%SystemRoot%\system32\ClipRenew.exe ","N/D","Susbscription license acquisition","Disabilitata","Disabilitata","","INTERACTIVE","Disabilitata","Disabilitata","Dati di pianificazione non disponibili in questo formato.","Non definito","N/D","N/D","N/D","N/D","N/D","N/D","N/D","N/D","N/D"
"Nome host","Nome attivit…","Prossima esecuzione","Stato","Modalit… accesso","Ultima esecuzione","Ultimo esito","Autore","Attivit… da eseguire","Avvio in","Commento","Stato attivit… pianificata","Tempo di inattivit…","Risparmio energia","Esegui come utente","Elimina l'attivit… se non ripianificata","Interrompi l'attivit… se Š in esecuzione da X ore e X minuti","Pianificazione","Tipo di pianificazione","Ora di avvio","Data di avvio","Data di fine","giorni","mesi","Ripeti: Ogni","Ripeti: Fino a: Ora","Ripeti: Fino a: Durata","Ripeti: Interrompi se ancora in esecuzione"
"NAGATO272","\Microsoft\Windows\Sysmain\HybridDriveCachePrepopulate","N/D","Disabilitato","Interattivo/Background","30/11/1999 00:00:00","267011","Microsoft Corporation","Gestore COM","N/D","Attivit… di prepopolamento cache unit… ibrida","Disabilitata","Avvia solo se inattivo da  minuti, Se non inattivo riprova per  minuti Interrompi l'operazione se lo stato di inattivit… termina","Interrompi in modalit… di alimentazione a batterie, Non avviare se il sistema Š alimentato a batterie","SYSTEM","Disabilitata","02:00:00","Dati di pianificazione non disponibili in questo formato.","Solo su richiesta","N/D","N/D","N/D","N/D","N/D","N/D","N/D","N/D","N/D"
"NAGATO272","\Microsoft\Windows\Sysmain\HybridDriveCacheRebalance","N/D","Disabilitato","Interattivo/Background","30/11/1999 00:00:00","267011","Microsoft Corporation","Gestore COM","N/D","Attivit… di manutenzione ribilanciamento cache unit… ibrida","Disabilitata","Avvia solo se inattivo da  minuti, Se non inattivo riprova per  minuti Interrompi l'operazione se lo stato di inattivit… termina","","SYSTEM","Disabilitata","00:10:00","Dati di pianificazione non disponibili in questo formato.","Solo su richiesta","N/D","N/D","N/D","N/D","N/D","N/D","N/D","N/D","N/D"
"NAGATO272","\Microsoft\Windows\Sysmain\ResPriStaticDbSync","N/D","Pronta","Interattivo/Background","01/10/2024 19:29:27","0","Microsoft Corporation","Gestore COM","N/D","Attivit… di manutenzione sincronizzazione database statico priorit… riservata","Abilitata","Disabilitata","","SYSTEM","Disabilitata","00:10:00","Dati di pianificazione non disponibili in questo formato.","Solo su richiesta","N/D","N/D","N/D","N/D","N/D","N/D","N/D","N/D","N/D"
"NAGATO272","\Microsoft\Windows\Sysmain\WsSwapAssessmentTask","N/D","Pronta","Interattivo/Background","16/09/2024 19:11:21","0","Microsoft Corporation","%windir%\system32\rundll32.exe sysmain.dll,PfSvWsSwapAssessmentTask","N/D","Attivit… di manutenzione scambio working set","Abilitata","Disabilitata","Non avviare se il sistema Š alimentato a batterie","SYSTEM","Disabilitata","72:00:00","Dati di pianificazione non disponibili in questo formato.","Solo su richiesta","N/D","N/D","N/D","N/D","N/D","N/D","N/D","N/D","N/D"
"Nome host","Nome attivit…","Prossima esecuzione","Stato","Modalit… accesso","Ultima esecuzione","Ultimo esito","Autore","Attivit… da eseguire","Avvio in","Commento","Stato attivit… pianificata","Tempo di inattivit…","Risparmio energia","Esegui come utente","Elimina l'attivit… se non ripianificata","Interrompi l'attivit… se Š in esecuzione da X ore e X minuti","Pianificazione","Tipo di pianificazione","Ora di avvio","Data di avvio","Data di fine","giorni","mesi","Ripeti: Ogni","Ripeti: Fino a: Ora","Ripeti: Fino a: Durata","Ripeti: Interrompi se ancora in esecuzione"
"NAGATO272","\Microsoft\Windows\SystemRestore\SR","N/D","Pronta","Interattivo/Background","03/10/2024 20:46:12","0","Microsoft Corporation","%windir%\system32\srtasks.exe ExecuteScheduledSPPCreation","N/D","Questa attivit… crea punti di protezione del sistema normali.","Abilitata","Avvia solo se inattivo da  minuti, Se non inattivo riprova per  minuti Interrompi l'operazione se lo stato di inattivit… termina","Non avviare se il sistema Š alimentato a batterie","SYSTEM","Disabilitata","72:00:00","Dati di pianificazione non disponibili in questo formato.","Solo su richiesta","N/D","N/D","N/D","N/D","N/D","N/D","N/D","N/D","N/D"
"Nome host","Nome attivit…","Prossima esecuzione","Stato","Modalit… accesso","Ultima esecuzione","Ultimo esito","Autore","Attivit… da eseguire","Avvio in","Commento","Stato attivit… pianificata","Tempo di inattivit…","Risparmio energia","Esegui come utente","Elimina l'attivit… se non ripianificata","Interrompi l'attivit… se Š in esecuzione da X ore e X minuti","Pianificazione","Tipo di pianificazione","Ora di avvio","Data di avvio","Data di fine","giorni","mesi","Ripeti: Ogni","Ripeti: Fino a: Ora","Ripeti: Fino a: Durata","Ripeti: Interrompi se ancora in esecuzione"
"NAGATO272","\Microsoft\Windows\Task Manager\Interactive","N/D","Pronta","Interattivo/Background","30/11/1999 00:00:00","267011","Microsoft Corporation","Gestore COM","N/D","Esegue un'attivit… con l'account dell'utente connesso.","Abilitata","Disabilitata","","INTERACTIVE","Disabilitata","Disabilitata","Dati di pianificazione non disponibili in questo formato.","Solo su richiesta","N/D","N/D","N/D","N/D","N/D","N/D","N/D","N/D","N/D"
"Nome host","Nome attivit…","Prossima esecuzione","Stato","Modalit… accesso","Ultima esecuzione","Ultimo esito","Autore","Attivit… da eseguire","Avvio in","Commento","Stato attivit… pianificata","Tempo di inattivit…","Risparmio energia","Esegui come utente","Elimina l'attivit… se non ripianificata","Interrompi l'attivit… se Š in esecuzione da X ore e X minuti","Pianificazione","Tipo di pianificazione","Ora di avvio","Data di avvio","Data di fine","giorni","mesi","Ripeti: Ogni","Ripeti: Fino a: Ora","Ripeti: Fino a: Durata","Ripeti: Interrompi se ancora in esecuzione"
"NAGATO272","\Microsoft\Windows\TextServicesFramework\MsCtfMonitor","N/D","Pronta","Interattivo/Background","03/10/2024 15:34:21","0","N/D","Gestore COM","N/D","TextServicesFramework monitor task","Abilitata","Disabilitata","","Users","Disabilitata","Disabilitata","Dati di pianificazione non disponibili in questo formato.","All'accesso","N/D","N/D","N/D","N/D","N/D","N/D","N/D","N/D","N/D"
"Nome host","Nome attivit…","Prossima esecuzione","Stato","Modalit… accesso","Ultima esecuzione","Ultimo esito","Autore","Attivit… da eseguire","Avvio in","Commento","Stato attivit… pianificata","Tempo di inattivit…","Risparmio energia","Esegui come utente","Elimina l'attivit… se non ripianificata","Interrompi l'attivit… se Š in esecuzione da X ore e X minuti","Pianificazione","Tipo di pianificazione","Ora di avvio","Data di avvio","Data di fine","giorni","mesi","Ripeti: Ogni","Ripeti: Fino a: Ora","Ripeti: Fino a: Durata","Ripeti: Interrompi se ancora in esecuzione"
"NAGATO272","\Microsoft\Windows\Time Synchronization\ForceSynchronizeTime","N/D","Pronta","Interattivo/Background","30/09/2024 22:06:37","0","Microsoft Corporation","Gestore COM","N/D","Questa attivit… consente di eseguire la sincronizzazione dell'ora.","Abilitata","Disabilitata","","SERVIZIO LOCALE","Disabilitata","72:00:00","Dati di pianificazione non disponibili in questo formato.","Non definito","N/D","N/D","N/D","N/D","N/D","N/D","N/D","N/D","N/D"
"NAGATO272","\Microsoft\Windows\Time Synchronization\ForceSynchronizeTime","N/D","Pronta","Interattivo/Background","30/09/2024 22:06:37","0","Microsoft Corporation","Gestore COM","N/D","Questa attivit… consente di eseguire la sincronizzazione dell'ora.","Abilitata","Disabilitata","","SERVIZIO LOCALE","Disabilitata","72:00:00","Dati di pianificazione non disponibili in questo formato.","Non definito","N/D","N/D","N/D","N/D","N/D","N/D","N/D","N/D","N/D"
"NAGATO272","\Microsoft\Windows\Time Synchronization\SynchronizeTime","N/D","Pronta","Interattivo/Background","03/10/2024 20:46:01","1058","Microsoft Corporation","%windir%\system32\sc.exe start w32time task_started","N/D","Mantiene la sincronizzazione di data e ora su tutti i client e i server della rete. Se il servizio viene arrestato, la sincronizzazione data e ora non sar… disponibile. Se il servizio viene disabilitato, i servizi da esso dipendenti non verranno avviati","Abilitata","Disabilitata","Interrompi in modalit… di alimentazione a batterie, Non avviare se il sistema Š alimentato a batterie","SERVIZIO LOCALE","Disabilitata","72:00:00","Dati di pianificazione non disponibili in questo formato.","Solo su richiesta","N/D","N/D","N/D","N/D","N/D","N/D","N/D","N/D","N/D"
"Nome host","Nome attivit…","Prossima esecuzione","Stato","Modalit… accesso","Ultima esecuzione","Ultimo esito","Autore","Attivit… da eseguire","Avvio in","Commento","Stato attivit… pianificata","Tempo di inattivit…","Risparmio energia","Esegui come utente","Elimina l'attivit… se non ripianificata","Interrompi l'attivit… se Š in esecuzione da X ore e X minuti","Pianificazione","Tipo di pianificazione","Ora di avvio","Data di avvio","Data di fine","giorni","mesi","Ripeti: Ogni","Ripeti: Fino a: Ora","Ripeti: Fino a: Durata","Ripeti: Interrompi se ancora in esecuzione"
"NAGATO272","\Microsoft\Windows\Time Zone\SynchronizeTimeZone","N/D","Pronta","Interattivo/Background","27/09/2024 19:17:29","0","Microsoft Corporation","%windir%\system32\tzsync.exe ","N/D","Aggiorna le informazioni sui fusi orari. Se l'attivit… viene interrotta, Š possibile che per alcuni fusi orari l'ora locale non sia corretta.","Abilitata","Disabilitata","Interrompi in modalit… di alimentazione a batterie","SYSTEM","Disabilitata","01:00:00","Dati di pianificazione non disponibili in questo formato.","Solo su richiesta","N/D","N/D","N/D","N/D","N/D","N/D","N/D","N/D","N/D"
"Nome host","Nome attivit…","Prossima esecuzione","Stato","Modalit… accesso","Ultima esecuzione","Ultimo esito","Autore","Attivit… da eseguire","Avvio in","Commento","Stato attivit… pianificata","Tempo di inattivit…","Risparmio energia","Esegui come utente","Elimina l'attivit… se non ripianificata","Interrompi l'attivit… se Š in esecuzione da X ore e X minuti","Pianificazione","Tipo di pianificazione","Ora di avvio","Data di avvio","Data di fine","giorni","mesi","Ripeti: Ogni","Ripeti: Fino a: Ora","Ripeti: Fino a: Durata","Ripeti: Interrompi se ancora in esecuzione"
"NAGATO272","\Microsoft\Windows\UNP\RunUpdateNotificationMgr","N/D","Disabilitato","Interattivo/Background","30/11/1999 00:00:00","267011","N/D","%windir%\System32\UNP\UpdateNotificationMgr.exe ","N/D","N/D","Disabilitata","Disabilitata","Interrompi in modalit… di alimentazione a batterie","SYSTEM","Disabilitata","72:00:00","Dati di pianificazione non disponibili in questo formato.","Ogni giorno ","10:30:00","02/06/2016","N/D","Ogni 1 giorni","N/D","Disabilitata","Disabilitata","Disabilitata","Disabilitata"
"NAGATO272","\Microsoft\Windows\UNP\RunUpdateNotificationMgr","N/D","Disabilitato","Interattivo/Background","30/11/1999 00:00:00","267011","N/D","%windir%\System32\UNP\UpdateNotificationMgr.exe ","N/D","N/D","Disabilitata","Disabilitata","Interrompi in modalit… di alimentazione a batterie","SYSTEM","Disabilitata","72:00:00","Dati di pianificazione non disponibili in questo formato.","All'avvio del sistema","N/D","N/D","N/D","N/D","N/D","N/D","N/D","N/D","N/D"
"Nome host","Nome attivit…","Prossima esecuzione","Stato","Modalit… accesso","Ultima esecuzione","Ultimo esito","Autore","Attivit… da eseguire","Avvio in","Commento","Stato attivit… pianificata","Tempo di inattivit…","Risparmio energia","Esegui come utente","Elimina l'attivit… se non ripianificata","Interrompi l'attivit… se Š in esecuzione da X ore e X minuti","Pianificazione","Tipo di pianificazione","Ora di avvio","Data di avvio","Data di fine","giorni","mesi","Ripeti: Ogni","Ripeti: Fino a: Ora","Ripeti: Fino a: Durata","Ripeti: Interrompi se ancora in esecuzione"
"NAGATO272","\Microsoft\Windows\UPnP\UPnPHostConfig","N/D","Pronta","Interattivo/Background","30/11/1999 00:00:00","267011","Microsoft","sc.exe config upnphost start= auto","N/D","Impostare il servizio UPnPHost su Avvio automatico","Abilitata","Disabilitata","","SYSTEM","Disabilitata","72:00:00","Dati di pianificazione non disponibili in questo formato.","Solo su richiesta","N/D","N/D","N/D","N/D","N/D","N/D","N/D","N/D","N/D"
"Nome host","Nome attivit…","Prossima esecuzione","Stato","Modalit… accesso","Ultima esecuzione","Ultimo esito","Autore","Attivit… da eseguire","Avvio in","Commento","Stato attivit… pianificata","Tempo di inattivit…","Risparmio energia","Esegui come utente","Elimina l'attivit… se non ripianificata","Interrompi l'attivit… se Š in esecuzione da X ore e X minuti","Pianificazione","Tipo di pianificazione","Ora di avvio","Data di avvio","Data di fine","giorni","mesi","Ripeti: Ogni","Ripeti: Fino a: Ora","Ripeti: Fino a: Durata","Ripeti: Interrompi se ancora in esecuzione"
"NAGATO272","\Microsoft\Windows\USB\Usb-Notifications","N/D","Pronta","Interattivo/Background","30/11/1999 00:00:00","267011","Microsoft Corporation","Gestore COM","N/D","Attivit… notifica di errore USB","Abilitata","Disabilitata","","INTERACTIVE","Disabilitata","72:00:00","Dati di pianificazione non disponibili in questo formato.","Non definito","N/D","N/D","N/D","N/D","N/D","N/D","N/D","N/D","N/D"
"NAGATO272","\Microsoft\Windows\USB\Usb-Notifications","N/D","Pronta","Interattivo/Background","30/11/1999 00:00:00","267011","Microsoft Corporation","Gestore COM","N/D","Attivit… notifica di errore USB","Abilitata","Disabilitata","","INTERACTIVE","Disabilitata","72:00:00","Dati di pianificazione non disponibili in questo formato.","Non definito","N/D","N/D","N/D","N/D","N/D","N/D","N/D","N/D","N/D"
"NAGATO272","\Microsoft\Windows\USB\Usb-Notifications","N/D","Pronta","Interattivo/Background","30/11/1999 00:00:00","267011","Microsoft Corporation","Gestore COM","N/D","Attivit… notifica di errore USB","Abilitata","Disabilitata","","INTERACTIVE","Disabilitata","72:00:00","Dati di pianificazione non disponibili in questo formato.","Non definito","N/D","N/D","N/D","N/D","N/D","N/D","N/D","N/D","N/D"
"NAGATO272","\Microsoft\Windows\USB\Usb-Notifications","N/D","Pronta","Interattivo/Background","30/11/1999 00:00:00","267011","Microsoft Corporation","Gestore COM","N/D","Attivit… notifica di errore USB","Abilitata","Disabilitata","","INTERACTIVE","Disabilitata","72:00:00","Dati di pianificazione non disponibili in questo formato.","Non definito","N/D","N/D","N/D","N/D","N/D","N/D","N/D","N/D","N/D"
"Nome host","Nome attivit…","Prossima esecuzione","Stato","Modalit… accesso","Ultima esecuzione","Ultimo esito","Autore","Attivit… da eseguire","Avvio in","Commento","Stato attivit… pianificata","Tempo di inattivit…","Risparmio energia","Esegui come utente","Elimina l'attivit… se non ripianificata","Interrompi l'attivit… se Š in esecuzione da X ore e X minuti","Pianificazione","Tipo di pianificazione","Ora di avvio","Data di avvio","Data di fine","giorni","mesi","Ripeti: Ogni","Ripeti: Fino a: Ora","Ripeti: Fino a: Durata","Ripeti: Interrompi se ancora in esecuzione"
"NAGATO272","\Microsoft\Windows\WCM\WiFiTask","N/D","Pronta","Interattivo/Background","28/06/2024 18:41:27","0","Microsoft Corporation","%SystemRoot%\System32\WiFiTask.exe ","N/D","Attivit… in background per l'esecuzione di interazioni per utente e Web","Abilitata","Disabilitata","","INTERACTIVE","Disabilitata","00:10:00","Dati di pianificazione non disponibili in questo formato.","Non definito","N/D","N/D","N/D","N/D","N/D","N/D","N/D","N/D","N/D"
"Nome host","Nome attivit…","Prossima esecuzione","Stato","Modalit… accesso","Ultima esecuzione","Ultimo esito","Autore","Attivit… da eseguire","Avvio in","Commento","Stato attivit… pianificata","Tempo di inattivit…","Risparmio energia","Esegui come utente","Elimina l'attivit… se non ripianificata","Interrompi l'attivit… se Š in esecuzione da X ore e X minuti","Pianificazione","Tipo di pianificazione","Ora di avvio","Data di avvio","Data di fine","giorni","mesi","Ripeti: Ogni","Ripeti: Fino a: Ora","Ripeti: Fino a: Durata","Ripeti: Interrompi se ancora in esecuzione"
"NAGATO272","\Microsoft\Windows\WDI\ResolutionHost","N/D","Pronta","Interattivo/Background","21/09/2024 10:03:20","1073807364","Microsoft Corporation","Gestore COM","N/D","L'host di risoluzione di Infrastruttura diagnostica Windows (WDI) consente risoluzioni interattive per i problemi di sistema rilevati dal Servizio criteri di diagnostica. L'host viene attivato all'occorrenza dal Servizio criteri di diagnostica nella ses","Abilitata","Disabilitata","","INTERACTIVE","Disabilitata","Disabilitata","Dati di pianificazione non disponibili in questo formato.","Solo su richiesta","N/D","N/D","N/D","N/D","N/D","N/D","N/D","N/D","N/D"
"Nome host","Nome attivit…","Prossima esecuzione","Stato","Modalit… accesso","Ultima esecuzione","Ultimo esito","Autore","Attivit… da eseguire","Avvio in","Commento","Stato attivit… pianificata","Tempo di inattivit…","Risparmio energia","Esegui come utente","Elimina l'attivit… se non ripianificata","Interrompi l'attivit… se Š in esecuzione da X ore e X minuti","Pianificazione","Tipo di pianificazione","Ora di avvio","Data di avvio","Data di fine","giorni","mesi","Ripeti: Ogni","Ripeti: Fino a: Ora","Ripeti: Fino a: Durata","Ripeti: Interrompi se ancora in esecuzione"
"NAGATO272","\Microsoft\Windows\Windows Defender\Windows Defender Cache Maintenance","N/D","Pronta","Interattivo/Background","03/10/2024 16:21:50","0","N/D","C:\ProgramData\Microsoft\Windows Defender\Platform\4.18.24080.9-0\MpCmdRun.exe -IdleTask -TaskName WdCacheMaintenance","N/D","Attivit… di manutenzione periodica.","Abilitata","Disabilitata","Non avviare se il sistema Š alimentato a batterie","SYSTEM","Disabilitata","72:00:00","Dati di pianificazione non disponibili in questo formato.","Solo su richiesta","N/D","N/D","N/D","N/D","N/D","N/D","N/D","N/D","N/D"
"NAGATO272","\Microsoft\Windows\Windows Defender\Windows Defender Cleanup","N/D","Pronta","Interattivo/Background","03/10/2024 16:21:50","0","N/D","C:\ProgramData\Microsoft\Windows Defender\Platform\4.18.24080.9-0\MpCmdRun.exe -IdleTask -TaskName WdCleanup","N/D","Attivit… di pulizia periodica.","Abilitata","Disabilitata","Non avviare se il sistema Š alimentato a batterie","SYSTEM","Disabilitata","72:00:00","Dati di pianificazione non disponibili in questo formato.","Solo su richiesta","N/D","N/D","N/D","N/D","N/D","N/D","N/D","N/D","N/D"
"NAGATO272","\Microsoft\Windows\Windows Defender\Windows Defender Scheduled Scan","N/D","Pronta","Interattivo/Background","03/10/2024 16:20:50","2","N/D","C:\ProgramData\Microsoft\Windows Defender\Platform\4.18.24080.9-0\MpCmdRun.exe Scan -ScheduleJob -ScanTrigger 55 -IdleScheduledJob","N/D","Attivit… di analisi periodica.","Abilitata","Disabilitata","Non avviare se il sistema Š alimentato a batterie","SYSTEM","Disabilitata","72:00:00","Dati di pianificazione non disponibili in questo formato.","Solo su richiesta","N/D","N/D","N/D","N/D","N/D","N/D","N/D","N/D","N/D"
"NAGATO272","\Microsoft\Windows\Windows Defender\Windows Defender Verification","N/D","Pronta","Interattivo/Background","03/10/2024 16:21:50","0","N/D","C:\ProgramData\Microsoft\Windows Defender\Platform\4.18.24080.9-0\MpCmdRun.exe -IdleTask -TaskName WdVerification","N/D","Attivit… di verifica periodica.","Abilitata","Disabilitata","Non avviare se il sistema Š alimentato a batterie","SYSTEM","Disabilitata","72:00:00","Dati di pianificazione non disponibili in questo formato.","Solo su richiesta","N/D","N/D","N/D","N/D","N/D","N/D","N/D","N/D","N/D"
"Nome host","Nome attivit…","Prossima esecuzione","Stato","Modalit… accesso","Ultima esecuzione","Ultimo esito","Autore","Attivit… da eseguire","Avvio in","Commento","Stato attivit… pianificata","Tempo di inattivit…","Risparmio energia","Esegui come utente","Elimina l'attivit… se non ripianificata","Interrompi l'attivit… se Š in esecuzione da X ore e X minuti","Pianificazione","Tipo di pianificazione","Ora di avvio","Data di avvio","Data di fine","giorni","mesi","Ripeti: Ogni","Ripeti: Fino a: Ora","Ripeti: Fino a: Durata","Ripeti: Interrompi se ancora in esecuzione"
"NAGATO272","\Microsoft\Windows\Windows Error Reporting\QueueReporting","03/10/2024 22:59:56","Pronta","Interattivo/Background","03/10/2024 19:27:21","0","Microsoft Corporation","%windir%\system32\wermgr.exe -upload","N/D","Attivit… di Segnalazione errori Windows per elaborare i rapporti in coda.","Abilitata","Disabilitata","","SYSTEM","Disabilitata","Disabilitata","Dati di pianificazione non disponibili in questo formato.","All'avvio del sistema","N/D","N/D","N/D","N/D","N/D","N/D","N/D","N/D","N/D"
"NAGATO272","\Microsoft\Windows\Windows Error Reporting\QueueReporting","03/10/2024 22:04:55","Pronta","Interattivo/Background","03/10/2024 19:27:21","0","Microsoft Corporation","%windir%\system32\wermgr.exe -upload","N/D","Attivit… di Segnalazione errori Windows per elaborare i rapporti in coda.","Abilitata","Disabilitata","","SYSTEM","Disabilitata","Disabilitata","Dati di pianificazione non disponibili in questo formato.","Non definito","N/D","N/D","N/D","N/D","N/D","N/D","N/D","N/D","N/D"
"NAGATO272","\Microsoft\Windows\Windows Error Reporting\QueueReporting","03/10/2024 22:27:01","Pronta","Interattivo/Background","03/10/2024 19:27:21","0","Microsoft Corporation","%windir%\system32\wermgr.exe -upload","N/D","Attivit… di Segnalazione errori Windows per elaborare i rapporti in coda.","Abilitata","Disabilitata","","SYSTEM","Disabilitata","Disabilitata","Dati di pianificazione non disponibili in questo formato.","Non definito","N/D","N/D","N/D","N/D","N/D","N/D","N/D","N/D","N/D"
"NAGATO272","\Microsoft\Windows\Windows Error Reporting\QueueReporting","03/10/2024 22:09:58","Pronta","Interattivo/Background","03/10/2024 19:27:21","0","Microsoft Corporation","%windir%\system32\wermgr.exe -upload","N/D","Attivit… di Segnalazione errori Windows per elaborare i rapporti in coda.","Abilitata","Disabilitata","","SYSTEM","Disabilitata","Disabilitata","Dati di pianificazione non disponibili in questo formato.","Non definito","N/D","N/D","N/D","N/D","N/D","N/D","N/D","N/D","N/D"
"NAGATO272","\Microsoft\Windows\Windows Error Reporting\QueueReporting","03/10/2024 22:17:52","Pronta","Interattivo/Background","03/10/2024 19:27:21","0","Microsoft Corporation","%windir%\system32\wermgr.exe -upload","N/D","Attivit… di Segnalazione errori Windows per elaborare i rapporti in coda.","Abilitata","Disabilitata","","SYSTEM","Disabilitata","Disabilitata","Dati di pianificazione non disponibili in questo formato.","Una sola volta, Ogni ora ","02:00:00","01/01/2015","N/D","N/D","N/D","4 ora/e, 0 minuto/i","Nessuno","Disabilitata","Disabilitata"
"Nome host","Nome attivit…","Prossima esecuzione","Stato","Modalit… accesso","Ultima esecuzione","Ultimo esito","Autore","Attivit… da eseguire","Avvio in","Commento","Stato attivit… pianificata","Tempo di inattivit…","Risparmio energia","Esegui come utente","Elimina l'attivit… se non ripianificata","Interrompi l'attivit… se Š in esecuzione da X ore e X minuti","Pianificazione","Tipo di pianificazione","Ora di avvio","Data di avvio","Data di fine","giorni","mesi","Ripeti: Ogni","Ripeti: Fino a: Ora","Ripeti: Fino a: Durata","Ripeti: Interrompi se ancora in esecuzione"
"NAGATO272","\Microsoft\Windows\Windows Filtering Platform\BfeOnServiceStartTypeChange","N/D","Pronta","Interattivo/Background","30/11/1999 00:00:00","267011","Microsoft Corporation","%windir%\system32\rundll32.exe bfe.dll,BfeOnServiceStartTypeChange","N/D","Questa attivit… modifica il tipo di avvio dei servizi attivati dal firewall quando viene disattivato il tipo di avvio del Base Filtering Engine (BFE).","Abilitata","Disabilitata","","SYSTEM","Disabilitata","72:00:00","Dati di pianificazione non disponibili in questo formato.","Quando si verifica un evento","N/D","N/D","N/D","N/D","N/D","N/D","N/D","N/D","N/D"
"Nome host","Nome attivit…","Prossima esecuzione","Stato","Modalit… accesso","Ultima esecuzione","Ultimo esito","Autore","Attivit… da eseguire","Avvio in","Commento","Stato attivit… pianificata","Tempo di inattivit…","Risparmio energia","Esegui come utente","Elimina l'attivit… se non ripianificata","Interrompi l'attivit… se Š in esecuzione da X ore e X minuti","Pianificazione","Tipo di pianificazione","Ora di avvio","Data di avvio","Data di fine","giorni","mesi","Ripeti: Ogni","Ripeti: Fino a: Ora","Ripeti: Fino a: Durata","Ripeti: Interrompi se ancora in esecuzione"
"NAGATO272","\Microsoft\Windows\Windows Media Sharing\UpdateLibrary","N/D","Pronta","Interattivo/Background","30/11/1999 00:00:00","267011","Microsoft Corporation",""%ProgramFiles%\Windows Media Player\wmpnscfg.exe" ","N/D","Questa attivit… aggiorna l'elenco di cartelle nella cache e le autorizzazioni di sicurezza per i nuovi file del Catalogo multimediale condiviso di un utente.","Abilitata","Disabilitata","","Authenticated Users","Disabilitata","72:00:00","Dati di pianificazione non disponibili in questo formato.","Quando si verifica un evento","N/D","N/D","N/D","N/D","N/D","N/D","N/D","N/D","N/D"
"Nome host","Nome attivit…","Prossima esecuzione","Stato","Modalit… accesso","Ultima esecuzione","Ultimo esito","Autore","Attivit… da eseguire","Avvio in","Commento","Stato attivit… pianificata","Tempo di inattivit…","Risparmio energia","Esegui come utente","Elimina l'attivit… se non ripianificata","Interrompi l'attivit… se Š in esecuzione da X ore e X minuti","Pianificazione","Tipo di pianificazione","Ora di avvio","Data di avvio","Data di fine","giorni","mesi","Ripeti: Ogni","Ripeti: Fino a: Ora","Ripeti: Fino a: Durata","Ripeti: Interrompi se ancora in esecuzione"
"NAGATO272","\Microsoft\Windows\WindowsColorSystem\Calibration Loader","N/D","Pronta","Interattivo/Background","03/10/2024 15:34:21","0","Microsoft Corporation","Gestore COM","N/D","Quest'attivit… si applica alle impostazioni di calibrazione dei colori.","Abilitata","Disabilitata","","Users","Disabilitata","Disabilitata","Dati di pianificazione non disponibili in questo formato.","All'accesso","N/D","N/D","N/D","N/D","N/D","N/D","N/D","N/D","N/D"
"NAGATO272","\Microsoft\Windows\WindowsColorSystem\Calibration Loader","N/D","Pronta","Interattivo/Background","03/10/2024 15:34:21","0","Microsoft Corporation","Gestore COM","N/D","Quest'attivit… si applica alle impostazioni di calibrazione dei colori.","Abilitata","Disabilitata","","Users","Disabilitata","Disabilitata","Dati di pianificazione non disponibili in questo formato.","Quando si verifica un evento","N/D","N/D","N/D","N/D","N/D","N/D","N/D","N/D","N/D"
"Nome host","Nome attivit…","Prossima esecuzione","Stato","Modalit… accesso","Ultima esecuzione","Ultimo esito","Autore","Attivit… da eseguire","Avvio in","Commento","Stato attivit… pianificata","Tempo di inattivit…","Risparmio energia","Esegui come utente","Elimina l'attivit… se non ripianificata","Interrompi l'attivit… se Š in esecuzione da X ore e X minuti","Pianificazione","Tipo di pianificazione","Ora di avvio","Data di avvio","Data di fine","giorni","mesi","Ripeti: Ogni","Ripeti: Fino a: Ora","Ripeti: Fino a: Durata","Ripeti: Interrompi se ancora in esecuzione"
"NAGATO272","\Microsoft\Windows\WindowsUpdate\Scheduled Start","N/D","Pronta","Interattivo/Background","30/11/1999 00:00:00","267011","Microsoft Corporation.","%systemroot%\System32\sc.exe start wuauserv","N/D","Questa attivit… viene usata per avviare il servizio Windows Update quando Š necessario eseguire operazioni pianificate, come le scansioni.","Abilitata","Disabilitata","","SYSTEM","Disabilitata","72:00:00","Dati di pianificazione non disponibili in questo formato.","Una sola volta","02:00:00","15/10/2010","N/D","N/D","N/D","Disabilitata","Disabilitata","Disabilitata","Disabilitata"
"NAGATO272","\Microsoft\Windows\WindowsUpdate\Scheduled Start","N/D","Pronta","Interattivo/Background","30/11/1999 00:00:00","267011","Microsoft Corporation.","%systemroot%\System32\sc.exe start wuauserv","N/D","Questa attivit… viene usata per avviare il servizio Windows Update quando Š necessario eseguire operazioni pianificate, come le scansioni.","Abilitata","Disabilitata","","SYSTEM","Disabilitata","72:00:00","Dati di pianificazione non disponibili in questo formato.","Quando si verifica un evento","N/D","N/D","N/D","N/D","N/D","N/D","N/D","N/D","N/D"
"NAGATO272","\Microsoft\Windows\WindowsUpdate\Scheduled Start","N/D","Pronta","Interattivo/Background","30/11/1999 00:00:00","267011","Microsoft Corporation.","%systemroot%\System32\sc.exe start wuauserv","N/D","Questa attivit… viene usata per avviare il servizio Windows Update quando Š necessario eseguire operazioni pianificate, come le scansioni.","Abilitata","Disabilitata","","SYSTEM","Disabilitata","72:00:00","Dati di pianificazione non disponibili in questo formato.","Quando si verifica un evento","N/D","N/D","N/D","N/D","N/D","N/D","N/D","N/D","N/D"
"NAGATO272","\Microsoft\Windows\WindowsUpdate\Scheduled Start","N/D","Pronta","Interattivo/Background","30/11/1999 00:00:00","267011","Microsoft Corporation.","%systemroot%\System32\sc.exe start wuauserv","N/D","Questa attivit… viene usata per avviare il servizio Windows Update quando Š necessario eseguire operazioni pianificate, come le scansioni.","Abilitata","Disabilitata","","SYSTEM","Disabilitata","72:00:00","Dati di pianificazione non disponibili in questo formato.","Non definito","N/D","N/D","N/D","N/D","N/D","N/D","N/D","N/D","N/D"
"Nome host","Nome attivit…","Prossima esecuzione","Stato","Modalit… accesso","Ultima esecuzione","Ultimo esito","Autore","Attivit… da eseguire","Avvio in","Commento","Stato attivit… pianificata","Tempo di inattivit…","Risparmio energia","Esegui come utente","Elimina l'attivit… se non ripianificata","Interrompi l'attivit… se Š in esecuzione da X ore e X minuti","Pianificazione","Tipo di pianificazione","Ora di avvio","Data di avvio","Data di fine","giorni","mesi","Ripeti: Ogni","Ripeti: Fino a: Ora","Ripeti: Fino a: Durata","Ripeti: Interrompi se ancora in esecuzione"
"NAGATO272","\Microsoft\Windows\Wininet\CacheTask","N/D","In esecuzione","Interattivo/Background","03/10/2024 15:34:21","267009","Microsoft","Gestore COM","N/D","Attivit… cache WinINet","Abilitata","Disabilitata","","Users","Disabilitata","Disabilitata","Dati di pianificazione non disponibili in questo formato.","All'accesso","N/D","N/D","N/D","N/D","N/D","N/D","N/D","N/D","N/D"
"Nome host","Nome attivit…","Prossima esecuzione","Stato","Modalit… accesso","Ultima esecuzione","Ultimo esito","Autore","Attivit… da eseguire","Avvio in","Commento","Stato attivit… pianificata","Tempo di inattivit…","Risparmio energia","Esegui come utente","Elimina l'attivit… se non ripianificata","Interrompi l'attivit… se Š in esecuzione da X ore e X minuti","Pianificazione","Tipo di pianificazione","Ora di avvio","Data di avvio","Data di fine","giorni","mesi","Ripeti: Ogni","Ripeti: Fino a: Ora","Ripeti: Fino a: Durata","Ripeti: Interrompi se ancora in esecuzione"
"NAGATO272","\Microsoft\Windows\WlanSvc\CDSSync","N/D","Pronta","Interattivo/Background","03/10/2024 15:35:22","0","N/D","Gestore COM","N/D","N/D","Abilitata","Disabilitata","","INTERACTIVE","Disabilitata","72:00:00","Dati di pianificazione non disponibili in questo formato.","Non definito","N/D","N/D","N/D","N/D","N/D","N/D","N/D","N/D","N/D"
"NAGATO272","\Microsoft\Windows\WlanSvc\MoProfileManagement","N/D","Pronta","Interattivo/Background","30/11/1999 00:00:00","267011","N/D","Gestore COM","N/D","N/D","Abilitata","Disabilitata","","SYSTEM","Disabilitata","00:10:00","Dati di pianificazione non disponibili in questo formato.","Non definito","N/D","N/D","N/D","N/D","N/D","N/D","N/D","N/D","N/D"
"NAGATO272","\Microsoft\Windows\WlanSvc\MoProfileManagement","N/D","Pronta","Interattivo/Background","30/11/1999 00:00:00","267011","N/D","Gestore COM","N/D","N/D","Abilitata","Disabilitata","","SYSTEM","Disabilitata","00:10:00","Dati di pianificazione non disponibili in questo formato.","Non definito","N/D","N/D","N/D","N/D","N/D","N/D","N/D","N/D","N/D"
"Nome host","Nome attivit…","Prossima esecuzione","Stato","Modalit… accesso","Ultima esecuzione","Ultimo esito","Autore","Attivit… da eseguire","Avvio in","Commento","Stato attivit… pianificata","Tempo di inattivit…","Risparmio energia","Esegui come utente","Elimina l'attivit… se non ripianificata","Interrompi l'attivit… se Š in esecuzione da X ore e X minuti","Pianificazione","Tipo di pianificazione","Ora di avvio","Data di avvio","Data di fine","giorni","mesi","Ripeti: Ogni","Ripeti: Fino a: Ora","Ripeti: Fino a: Durata","Ripeti: Interrompi se ancora in esecuzione"
"NAGATO272","\Microsoft\Windows\Work Folders\Work Folders Logon Synchronization","N/D","Pronta","Interattivo/Background","03/10/2024 15:39:22","0","Microsoft Corporation","Gestore COM","N/D","Questa attivit… consente di avviare la sincronizzazione delle relazioni di Cartelle di lavoro quando un utente accede al sistema.","Abilitata","Disabilitata","","INTERACTIVE","Disabilitata","24:00:00","Dati di pianificazione non disponibili in questo formato.","All'accesso","N/D","N/D","N/D","N/D","N/D","N/D","N/D","N/D","N/D"
"NAGATO272","\Microsoft\Windows\Work Folders\Work Folders Maintenance Work","N/D","Pronta","Interattivo/Background","03/10/2024 20:46:01","0","Microsoft Corporation","Gestore COM","N/D","Questa attivit… consente di avviare le operazioni di manutenzione necessarie per prestazioni di buon livello continuative per la sincronizzazione dei dati delle relazioni di Cartelle di lavoro.","Abilitata","Disabilitata","Interrompi in modalit… di alimentazione a batterie, Non avviare se il sistema Š alimentato a batterie","INTERACTIVE","Disabilitata","24:00:00","Dati di pianificazione non disponibili in questo formato.","All'accesso","N/D","N/D","N/D","N/D","N/D","N/D","N/D","N/D","N/D"
"Nome host","Nome attivit…","Prossima esecuzione","Stato","Modalit… accesso","Ultima esecuzione","Ultimo esito","Autore","Attivit… da eseguire","Avvio in","Commento","Stato attivit… pianificata","Tempo di inattivit…","Risparmio energia","Esegui come utente","Elimina l'attivit… se non ripianificata","Interrompi l'attivit… se Š in esecuzione da X ore e X minuti","Pianificazione","Tipo di pianificazione","Ora di avvio","Data di avvio","Data di fine","giorni","mesi","Ripeti: Ogni","Ripeti: Fino a: Ora","Ripeti: Fino a: Durata","Ripeti: Interrompi se ancora in esecuzione"
"NAGATO272","\Microsoft\Windows\Workplace Join\Automatic-Device-Join","N/D","Disabilitato","Interattivo/Background","30/11/1999 00:00:00","267011","N/D","%SystemRoot%\System32\dsregcmd.exe $(Arg0) $(Arg1) $(Arg2)","N/D","Il computer viene registrato se Š gi… stato aggiunto a un dominio di Active Directory.","Disabilitata","Disabilitata","","SYSTEM","Disabilitata","00:05:00","Dati di pianificazione non disponibili in questo formato.","All'accesso","N/D","N/D","N/D","N/D","N/D","N/D","N/D","N/D","N/D"
"NAGATO272","\Microsoft\Windows\Workplace Join\Automatic-Device-Join","N/D","Disabilitato","Interattivo/Background","30/11/1999 00:00:00","267011","N/D","%SystemRoot%\System32\dsregcmd.exe $(Arg0) $(Arg1) $(Arg2)","N/D","Il computer viene registrato se Š gi… stato aggiunto a un dominio di Active Directory.","Disabilitata","Disabilitata","","SYSTEM","Disabilitata","00:05:00","Dati di pianificazione non disponibili in questo formato.","Quando si verifica un evento","N/D","N/D","N/D","N/D","N/D","N/D","N/D","N/D","N/D"
"NAGATO272","\Microsoft\Windows\Workplace Join\Device-Sync","N/D","Disabilitato","Interattivo/Background","30/11/1999 00:00:00","267011","Microsoft Corporation","Gestore COM","N/D","Sincronizza gli attributi del dispositivo in Azure Active Directory.","Disabilitata","Disabilitata","","SYSTEM","Disabilitata","00:10:00","Dati di pianificazione non disponibili in questo formato.","Non definito","N/D","N/D","N/D","N/D","N/D","N/D","N/D","N/D","N/D"
"NAGATO272","\Microsoft\Windows\Workplace Join\Recovery-Check","N/D","Disabilitato","Interattivo/Background","30/11/1999 00:00:00","267011","N/D","%SystemRoot%\System32\dsregcmd.exe /checkrecovery","N/D","Esegue la verifica di ripristino.","Disabilitata","Disabilitata","","INTERACTIVE","Disabilitata","02:00:00","Dati di pianificazione non disponibili in questo formato.","All'accesso","N/D","N/D","N/D","N/D","N/D","N/D","N/D","N/D","N/D"
"NAGATO272","\Microsoft\Windows\Workplace Join\Recovery-Check","N/D","Disabilitato","Interattivo/Background","30/11/1999 00:00:00","267011","N/D","%SystemRoot%\System32\dsregcmd.exe /checkrecovery","N/D","Esegue la verifica di ripristino.","Disabilitata","Disabilitata","","INTERACTIVE","Disabilitata","02:00:00","Dati di pianificazione non disponibili in questo formato.","Quando si verifica un evento","N/D","N/D","N/D","N/D","N/D","N/D","N/D","N/D","N/D"
"Nome host","Nome attivit…","Prossima esecuzione","Stato","Modalit… accesso","Ultima esecuzione","Ultimo esito","Autore","Attivit… da eseguire","Avvio in","Commento","Stato attivit… pianificata","Tempo di inattivit…","Risparmio energia","Esegui come utente","Elimina l'attivit… se non ripianificata","Interrompi l'attivit… se Š in esecuzione da X ore e X minuti","Pianificazione","Tipo di pianificazione","Ora di avvio","Data di avvio","Data di fine","giorni","mesi","Ripeti: Ogni","Ripeti: Fino a: Ora","Ripeti: Fino a: Durata","Ripeti: Interrompi se ancora in esecuzione"
"NAGATO272","\Microsoft\Windows\WwanSvc\NotificationTask","N/D","Pronta","Interattivo/Background","30/11/1999 00:00:00","267011","Microsoft Corporation","%SystemRoot%\System32\WiFiTask.exe wwan","N/D","Attivit… in background per l'esecuzione di interazioni per utente e Web","Abilitata","Disabilitata","","INTERACTIVE","Disabilitata","00:10:00","Dati di pianificazione non disponibili in questo formato.","Non definito","N/D","N/D","N/D","N/D","N/D","N/D","N/D","N/D","N/D"
"NAGATO272","\Microsoft\Windows\WwanSvc\OobeDiscovery","N/D","Pronta","Interattivo/Background","30/09/2024 22:06:37","0","N/D","Gestore COM","N/D","N/D","Abilitata","Disabilitata","","SYSTEM","Disabilitata","01:00:00","Dati di pianificazione non disponibili in questo formato.","Non definito","N/D","N/D","N/D","N/D","N/D","N/D","N/D","N/D","N/D"
"NAGATO272","\Microsoft\Windows\WwanSvc\OobeDiscovery","N/D","Pronta","Interattivo/Background","30/09/2024 22:06:37","0","N/D","Gestore COM","N/D","N/D","Abilitata","Disabilitata","","SYSTEM","Disabilitata","01:00:00","Dati di pianificazione non disponibili in questo formato.","Non definito","N/D","N/D","N/D","N/D","N/D","N/D","N/D","N/D","N/D"
"NAGATO272","\Microsoft\Windows\WwanSvc\OobeDiscovery","N/D","Pronta","Interattivo/Background","30/09/2024 22:06:37","0","N/D","Gestore COM","N/D","N/D","Abilitata","Disabilitata","","SYSTEM","Disabilitata","01:00:00","Dati di pianificazione non disponibili in questo formato.","Non definito","N/D","N/D","N/D","N/D","N/D","N/D","N/D","N/D","N/D"
"Nome host","Nome attivit…","Prossima esecuzione","Stato","Modalit… accesso","Ultima esecuzione","Ultimo esito","Autore","Attivit… da eseguire","Avvio in","Commento","Stato attivit… pianificata","Tempo di inattivit…","Risparmio energia","Esegui come utente","Elimina l'attivit… se non ripianificata","Interrompi l'attivit… se Š in esecuzione da X ore e X minuti","Pianificazione","Tipo di pianificazione","Ora di avvio","Data di avvio","Data di fine","giorni","mesi","Ripeti: Ogni","Ripeti: Fino a: Ora","Ripeti: Fino a: Durata","Ripeti: Interrompi se ancora in esecuzione"
"NAGATO272","\Microsoft\XblGameSave\XblGameSaveTask","N/D","Pronta","Interattivo/Background","30/11/1999 00:00:00","267011","Microsoft","%windir%\System32\XblGameSaveTask.exe standby","N/D","XblGameSave Standby Task","Abilitata","Avvia solo se inattivo da  minuti, Se non inattivo riprova per  minuti Interrompi l'operazione se lo stato di inattivit… termina","Non avviare se il sistema Š alimentato a batterie","SYSTEM","Disabilitata","02:00:00","Dati di pianificazione non disponibili in questo formato.","Durante il periodo di inattivit…","N/D","N/D","N/D","N/D","N/D","N/D","N/D","N/D","N/D"
"Nome host","Nome attivit…","Prossima esecuzione","Stato","Modalit… accesso","Ultima esecuzione","Ultimo esito","Autore","Attivit… da eseguire","Avvio in","Commento","Stato attivit… pianificata","Tempo di inattivit…","Risparmio energia","Esegui come utente","Elimina l'attivit… se non ripianificata","Interrompi l'attivit… se Š in esecuzione da X ore e X minuti","Pianificazione","Tipo di pianificazione","Ora di avvio","Data di avvio","Data di fine","giorni","mesi","Ripeti: Ogni","Ripeti: Fino a: Ora","Ripeti: Fino a: Durata","Ripeti: Interrompi se ancora in esecuzione"
"NAGATO272","\Norton 360\Norton Security Autofix","N/D","Pronta","Interattivo/Background","30/11/1999 00:00:00","267011","NortonLifeLock","C:\Program Files\Norton Security\Engine\22.24.1.6\SymErr.exe /ui","N/D","Norton Security Autofix","Abilitata","Disabilitata","","SYSTEM","Disabilitata","01:00:00","Dati di pianificazione non disponibili in questo formato.","Solo su richiesta","N/D","N/D","N/D","N/D","N/D","N/D","N/D","N/D","N/D"
"NAGATO272","\Norton 360\Norton Security Error Analyzer","N/D","Pronta","Interattivo/Background","30/11/1999 00:00:00","267011","NortonLifeLock","C:\Program Files\Norton Security\Engine\22.24.1.6\SymErr.exe /analyze","N/D","Norton Security Error Analyzer","Abilitata","Disabilitata","","SYSTEM","Disabilitata","01:00:00","Dati di pianificazione non disponibili in questo formato.","Solo su richiesta","N/D","N/D","N/D","N/D","N/D","N/D","N/D","N/D","N/D"
"Nome host","Nome attivit…","Prossima esecuzione","Stato","Modalit… accesso","Ultima esecuzione","Ultimo esito","Autore","Attivit… da eseguire","Avvio in","Commento","Stato attivit… pianificata","Tempo di inattivit…","Risparmio energia","Esegui come utente","Elimina l'attivit… se non ripianificata","Interrompi l'attivit… se Š in esecuzione da X ore e X minuti","Pianificazione","Tipo di pianificazione","Ora di avvio","Data di avvio","Data di fine","giorni","mesi","Ripeti: Ogni","Ripeti: Fino a: Ora","Ripeti: Fino a: Durata","Ripeti: Interrompi se ancora in esecuzione"
"NAGATO272","\Remediation\AntimalwareMigrationTask","N/D","Pronta","Interattivo/Background","30/11/1999 00:00:00","267011","NortonLifeLock",""C:\Program Files\Common Files\AV\Norton 360 for Gamers\Upgrade.exe" /upgrade /user_logon","N/D","NortonLifeLock Antimalware Protection Migration helper. Migrates user settings and license information during the Norton product and the Windows OS upgrades.","Abilitata","Disabilitata","Non avviare se il sistema Š alimentato a batterie","INTERACTIVE","Disabilitata","72:00:00","Dati di pianificazione non disponibili in questo formato.","All'accesso","N/D","N/D","N/D","N/D","N/D","N/D","N/D","N/D","N/D"
